"account_id","balance_as_known","balance_as_restated","delta","as_of_ts"
"C1445424568","-227768.63","-227768.63","0.00","2026-01-01 23:59:59.000000 UTC"
"C1544895390","-3666.42","-3666.42","0.00","2026-01-01 23:59:59.000000 UTC"
"C1974622245","-108443.61","-108443.61","0.00","2026-01-01 23:59:59.000000 UTC"
"C1113895488","47529.19","47529.19","0.00","2026-01-01 23:59:59.000000 UTC"
"C836969741","-15448.00","-15448.00","0.00","2026-01-01 23:59:59.000000 UTC"
"C1554086576","-11411.34","-11411.34","0.00","2026-01-01 23:59:59.000000 UTC"
"C1060703587","-118056.71","-118056.71","0.00","2026-01-01 23:59:59.000000 UTC"
"C1979055448","-95636.49","-95636.49","0.00","2026-01-01 23:59:59.000000 UTC"
"C1878700101","-94332.00","-94332.00","0.00","2026-01-01 23:59:59.000000 UTC"
"C124494140","-7367.06","-7367.06","0.00","2026-01-01 23:59:59.000000 UTC"
"C1099552523","-8494.71","-8494.71","0.00","2026-01-01 23:59:59.000000 UTC"
"C798622145","158775.58","158775.58","0.00","2026-01-01 23:59:59.000000 UTC"
"C1293462056","285185.34","285185.34","0.00","2026-01-01 23:59:59.000000 UTC"
"C1265053098","-151.20","-151.20","0.00","2026-01-01 23:59:59.000000 UTC"
"C761750706","-1563.82","-1563.82","0.00","2026-01-01 23:59:59.000000 UTC"
"C1200546947","193492.68","193492.68","0.00","2026-01-01 23:59:59.000000 UTC"
"C1603696865","-554026.99","-554026.99","0.00","2026-01-01 23:59:59.000000 UTC"
"C164714495","5221.77","5221.77","0.00","2026-01-01 23:59:59.000000 UTC"
"C167013780","-112.56","-112.56","0.00","2026-01-01 23:59:59.000000 UTC"
"C1364127192","-35063.63","-35063.63","0.00","2026-01-01 23:59:59.000000 UTC"
"C753631393","-177652.91","-177652.91","0.00","2026-01-01 23:59:59.000000 UTC"
"C588449070","54988.56","54988.56","0.00","2026-01-01 23:59:59.000000 UTC"
"C1785111044","-8690.86","-8690.86","0.00","2026-01-01 23:59:59.000000 UTC"
"C1221981006","-5213.25","-5213.25","0.00","2026-01-01 23:59:59.000000 UTC"
"C1129433283","-2803.83","-2803.83","0.00","2026-01-01 23:59:59.000000 UTC"
"C1805164661","-7600.57","-7600.57","0.00","2026-01-01 23:59:59.000000 UTC"
"C2093319848","-2756.30","-2756.30","0.00","2026-01-01 23:59:59.000000 UTC"
"C900298796","-8281.57","-8281.57","0.00","2026-01-01 23:59:59.000000 UTC"
"C1175418534","-7541.47","-7541.47","0.00","2026-01-01 23:59:59.000000 UTC"
"C1443967876","-125872.53","-125872.53","0.00","2026-01-01 23:59:59.000000 UTC"
"C862025017","-4086.50","-4086.50","0.00","2026-01-01 23:59:59.000000 UTC"
"C1357686726","-126774.50","-126774.50","0.00","2026-01-01 23:59:59.000000 UTC"
"C191945292","-3417.18","-3417.18","0.00","2026-01-01 23:59:59.000000 UTC"
"C1448805967","13289.87","13289.87","0.00","2026-01-01 23:59:59.000000 UTC"
"C1893563925","-6039.61","-6039.61","0.00","2026-01-01 23:59:59.000000 UTC"
"C405741210","-6078.56","-6078.56","0.00","2026-01-01 23:59:59.000000 UTC"
"C1119242936","-1150.14","-1150.14","0.00","2026-01-01 23:59:59.000000 UTC"
"C1862994526","143236.26","143236.26","0.00","2026-01-01 23:59:59.000000 UTC"
"C1926180325","-5937.72","-5937.72","0.00","2026-01-01 23:59:59.000000 UTC"
"C156199931","-8309.52","-8309.52","0.00","2026-01-01 23:59:59.000000 UTC"
"C1135935001","-639378.37","-639378.37","0.00","2026-01-01 23:59:59.000000 UTC"
"C1411543296","173948.89","173948.89","0.00","2026-01-01 23:59:59.000000 UTC"
"C1831141281","-962.43","-962.43","0.00","2026-01-01 23:59:59.000000 UTC"
"C961859592","-1580.66","-1580.66","0.00","2026-01-01 23:59:59.000000 UTC"
"C1107204185","-195490.04","-195490.04","0.00","2026-01-01 23:59:59.000000 UTC"
"C512549200","-5346.89","-5346.89","0.00","2026-01-01 23:59:59.000000 UTC"
"C822087264","-1915.43","-1915.43","0.00","2026-01-01 23:59:59.000000 UTC"
"C1721045976","-1002.96","-1002.96","0.00","2026-01-01 23:59:59.000000 UTC"
"C1413886135","-8148.08","-8148.08","0.00","2026-01-01 23:59:59.000000 UTC"
"C842331982","247575.40","247575.40","0.00","2026-01-01 23:59:59.000000 UTC"
"C1373577787","-386683.04","-386683.04","0.00","2026-01-01 23:59:59.000000 UTC"
"C854653864","-2881.51","-2881.51","0.00","2026-01-01 23:59:59.000000 UTC"
"C1700721442","-6099.96","-6099.96","0.00","2026-01-01 23:59:59.000000 UTC"
"C1078262677","311023.52","311023.52","0.00","2026-01-01 23:59:59.000000 UTC"
"C255941269","-1873.13","-1873.13","0.00","2026-01-01 23:59:59.000000 UTC"
"C892931811","-9161.98","-9161.98","0.00","2026-01-01 23:59:59.000000 UTC"
"C867288517","-5529.13","-5529.13","0.00","2026-01-01 23:59:59.000000 UTC"
"C1829460911","-5924.89","-5924.89","0.00","2026-01-01 23:59:59.000000 UTC"
"C788905599","-8948.03","-8948.03","0.00","2026-01-01 23:59:59.000000 UTC"
"C681639276","-13954.75","-13954.75","0.00","2026-01-01 23:59:59.000000 UTC"
"C1967617997","-3396.25","-3396.25","0.00","2026-01-01 23:59:59.000000 UTC"
"C1016633682","-9006.78","-9006.78","0.00","2026-01-01 23:59:59.000000 UTC"
"C1111379131","-2290.73","-2290.73","0.00","2026-01-01 23:59:59.000000 UTC"
"C1649847375","-1440296.14","-1440296.14","0.00","2026-01-01 23:59:59.000000 UTC"
"C1734184086","-463722.76","-463722.76","0.00","2026-01-01 23:59:59.000000 UTC"
"C118555812","-68662.06","-68662.06","0.00","2026-01-01 23:59:59.000000 UTC"
"C1335061928","-681093.57","-681093.57","0.00","2026-01-01 23:59:59.000000 UTC"
"C1091107430","-39069.42","-39069.42","0.00","2026-01-01 23:59:59.000000 UTC"
"C1454026445","-6737.20","-6737.20","0.00","2026-01-01 23:59:59.000000 UTC"
"C2021053848","-3766.99","-3766.99","0.00","2026-01-01 23:59:59.000000 UTC"
"C664091267","-13465.91","-13465.91","0.00","2026-01-01 23:59:59.000000 UTC"
"C1976401987","-62610.80","-62610.80","0.00","2026-01-01 23:59:59.000000 UTC"
"C579447973","-173512.93","-173512.93","0.00","2026-01-01 23:59:59.000000 UTC"
"C1334405552","-1277212.77","-1277212.77","0.00","2026-01-01 23:59:59.000000 UTC"
"C9844218","-96178.80","-96178.80","0.00","2026-01-01 23:59:59.000000 UTC"
"C893640573","-18781.84","-18781.84","0.00","2026-01-01 23:59:59.000000 UTC"
"C1256405521","352568.35","352568.35","0.00","2026-01-01 23:59:59.000000 UTC"
"C26928827","196725.32","196725.32","0.00","2026-01-01 23:59:59.000000 UTC"
"C4073506","-234268.82","-234268.82","0.00","2026-01-01 23:59:59.000000 UTC"
"C1653751526","-708.59","-708.59","0.00","2026-01-01 23:59:59.000000 UTC"
"C82275756","-621561.65","-621561.65","0.00","2026-01-01 23:59:59.000000 UTC"
"C1164365897","-4843.93","-4843.93","0.00","2026-01-01 23:59:59.000000 UTC"
"C1197721383","317393.38","317393.38","0.00","2026-01-01 23:59:59.000000 UTC"
"C948960194","-663.34","-663.34","0.00","2026-01-01 23:59:59.000000 UTC"
"C221861886","-1097.74","-1097.74","0.00","2026-01-01 23:59:59.000000 UTC"
"C1966355106","-25793.74","-25793.74","0.00","2026-01-01 23:59:59.000000 UTC"
"C1936550492","-369989.20","-369989.20","0.00","2026-01-01 23:59:59.000000 UTC"
"C16373883","-179030.05","-179030.05","0.00","2026-01-01 23:59:59.000000 UTC"
"C69062746","-14121.82","-14121.82","0.00","2026-01-01 23:59:59.000000 UTC"
"C275056979","-13527.16","-13527.16","0.00","2026-01-01 23:59:59.000000 UTC"
"C925803196","-6780.78","-6780.78","0.00","2026-01-01 23:59:59.000000 UTC"
"C2069500590","-262392.36","-262392.36","0.00","2026-01-01 23:59:59.000000 UTC"
"C1406848276","-7771.40","-7771.40","0.00","2026-01-01 23:59:59.000000 UTC"
"C1768952842","-1066.04","-1066.04","0.00","2026-01-01 23:59:59.000000 UTC"
"C96039159","-2271.34","-2271.34","0.00","2026-01-01 23:59:59.000000 UTC"
"C480402503","-105759.12","-105759.12","0.00","2026-01-01 23:59:59.000000 UTC"
"C1800649922","-57279.11","-57279.11","0.00","2026-01-01 23:59:59.000000 UTC"
"C1458621573","-9164.71","-9164.71","0.00","2026-01-01 23:59:59.000000 UTC"
"C754072705","-13136.44","-13136.44","0.00","2026-01-01 23:59:59.000000 UTC"
"C1533547487","-142282.63","-142282.63","0.00","2026-01-01 23:59:59.000000 UTC"
"C1398260359","-4932.54","-4932.54","0.00","2026-01-01 23:59:59.000000 UTC"
"C1995952705","9067.51","9067.51","0.00","2026-01-01 23:59:59.000000 UTC"
"C1984094095","-311685.89","-311685.89","0.00","2026-01-01 23:59:59.000000 UTC"
"C489411441","-105979.34","-105979.34","0.00","2026-01-01 23:59:59.000000 UTC"
"C1095947149","-964.77","-964.77","0.00","2026-01-01 23:59:59.000000 UTC"
"C413373997","-26051.33","-26051.33","0.00","2026-01-01 23:59:59.000000 UTC"
"C870322840","222126.95","222126.95","0.00","2026-01-01 23:59:59.000000 UTC"
"C1784834205","-49661.18","-49661.18","0.00","2026-01-01 23:59:59.000000 UTC"
"C727250772","-76635.24","-76635.24","0.00","2026-01-01 23:59:59.000000 UTC"
"C307411297","-3551.48","-3551.48","0.00","2026-01-01 23:59:59.000000 UTC"
"C1858015030","-6165.58","-6165.58","0.00","2026-01-01 23:59:59.000000 UTC"
"C388802347","-517915.91","-517915.91","0.00","2026-01-01 23:59:59.000000 UTC"
"C1640612861","-503333.79","-503333.79","0.00","2026-01-01 23:59:59.000000 UTC"
"C934740803","-195314.34","-195314.34","0.00","2026-01-01 23:59:59.000000 UTC"
"C1269118128","-7444.40","-7444.40","0.00","2026-01-01 23:59:59.000000 UTC"
"C1466917878","-5758.59","-5758.59","0.00","2026-01-01 23:59:59.000000 UTC"
"C1527086220","-6131.21","-6131.21","0.00","2026-01-01 23:59:59.000000 UTC"
"C2123914473","-3563.36","-3563.36","0.00","2026-01-01 23:59:59.000000 UTC"
"C1648232591","-2560.74","-2560.74","0.00","2026-01-01 23:59:59.000000 UTC"
"C685934","2099.59","2099.59","0.00","2026-01-01 23:59:59.000000 UTC"
"C1988939205","-11438.39","-11438.39","0.00","2026-01-01 23:59:59.000000 UTC"
"C1390301622","-5812.36","-5812.36","0.00","2026-01-01 23:59:59.000000 UTC"
"C338887787","216133.99","216133.99","0.00","2026-01-01 23:59:59.000000 UTC"
"C1694784135","-3058.80","-3058.80","0.00","2026-01-01 23:59:59.000000 UTC"
"C1481594086","-1684.81","-1684.81","0.00","2026-01-01 23:59:59.000000 UTC"
"C1406253491","6915.38","6915.38","0.00","2026-01-01 23:59:59.000000 UTC"
"C2113243119","-208501.33","-208501.33","0.00","2026-01-01 23:59:59.000000 UTC"
"C1340848245","79285.80","79285.80","0.00","2026-01-01 23:59:59.000000 UTC"
"C544386226","-244.87","-244.87","0.00","2026-01-01 23:59:59.000000 UTC"
"C1561745898","-14420.66","-14420.66","0.00","2026-01-01 23:59:59.000000 UTC"
"C478139423","-7206.33","-7206.33","0.00","2026-01-01 23:59:59.000000 UTC"
"C703555670","-4376.46","-4376.46","0.00","2026-01-01 23:59:59.000000 UTC"
"C1634723627","-178439.26","-178439.26","0.00","2026-01-01 23:59:59.000000 UTC"
"C1324514662","-132038.41","-132038.41","0.00","2026-01-01 23:59:59.000000 UTC"
"C90045638","-7817.71","-7817.71","0.00","2026-01-01 23:59:59.000000 UTC"
"C767436045","178370.36","178370.36","0.00","2026-01-01 23:59:59.000000 UTC"
"C712410124","-5337.77","-5337.77","0.00","2026-01-01 23:59:59.000000 UTC"
"C1627883152","-527.15","-527.15","0.00","2026-01-01 23:59:59.000000 UTC"
"C1827303532","-4337.08","-4337.08","0.00","2026-01-01 23:59:59.000000 UTC"
"C1925785585","-1810.41","-1810.41","0.00","2026-01-01 23:59:59.000000 UTC"
"C1660325375","-1553.21","-1553.21","0.00","2026-01-01 23:59:59.000000 UTC"
"C1161148117","-6440.78","-6440.78","0.00","2026-01-01 23:59:59.000000 UTC"
"C1220759559","-1118.10","-1118.10","0.00","2026-01-01 23:59:59.000000 UTC"
"C1620529408","-68912.23","-68912.23","0.00","2026-01-01 23:59:59.000000 UTC"
"C1621254922","227335.16","227335.16","0.00","2026-01-01 23:59:59.000000 UTC"
"C500618423","-271002.70","-271002.70","0.00","2026-01-01 23:59:59.000000 UTC"
"C992743048","-80333.28","-80333.28","0.00","2026-01-01 23:59:59.000000 UTC"
"C1692073709","-1209.64","-1209.64","0.00","2026-01-01 23:59:59.000000 UTC"
"C2059592603","-1084.90","-1084.90","0.00","2026-01-01 23:59:59.000000 UTC"
"C1100619942","-1586.28","-1586.28","0.00","2026-01-01 23:59:59.000000 UTC"
"C779598031","-13373.96","-13373.96","0.00","2026-01-01 23:59:59.000000 UTC"
"C1877986974","-174068.82","-174068.82","0.00","2026-01-01 23:59:59.000000 UTC"
"C454160179","-8074.16","-8074.16","0.00","2026-01-01 23:59:59.000000 UTC"
"C896852376","-12426.38","-12426.38","0.00","2026-01-01 23:59:59.000000 UTC"
"C2061440682","-7417.09","-7417.09","0.00","2026-01-01 23:59:59.000000 UTC"
"C1122233828","32325.24","32325.24","0.00","2026-01-01 23:59:59.000000 UTC"
"C938613108","-6993.70","-6993.70","0.00","2026-01-01 23:59:59.000000 UTC"
"C296541232","-3635.93","-3635.93","0.00","2026-01-01 23:59:59.000000 UTC"
"C407148497","-113283.13","-113283.13","0.00","2026-01-01 23:59:59.000000 UTC"
"C169880779","-176334.26","-176334.26","0.00","2026-01-01 23:59:59.000000 UTC"
"C145066402","-6854.06","-6854.06","0.00","2026-01-01 23:59:59.000000 UTC"
"C288919635","-760.21","-760.21","0.00","2026-01-01 23:59:59.000000 UTC"
"C2030138610","-3644.85","-3644.85","0.00","2026-01-01 23:59:59.000000 UTC"
"C1131592118","-4910.14","-4910.14","0.00","2026-01-01 23:59:59.000000 UTC"
"C247113419","-5031.22","-5031.22","0.00","2026-01-01 23:59:59.000000 UTC"
"C698747943","-194620.68","-194620.68","0.00","2026-01-01 23:59:59.000000 UTC"
"C1520267010","-1429051.47","-1429051.47","0.00","2026-01-01 23:59:59.000000 UTC"
"C379124840","74933.22","74933.22","0.00","2026-01-01 23:59:59.000000 UTC"
"C104261836","-3222.32","-3222.32","0.00","2026-01-01 23:59:59.000000 UTC"
"C26357357","-56145.85","-56145.85","0.00","2026-01-01 23:59:59.000000 UTC"
"C1548271808","-1679.68","-1679.68","0.00","2026-01-01 23:59:59.000000 UTC"
"C1299327689","-365510.05","-365510.05","0.00","2026-01-01 23:59:59.000000 UTC"
"C701487403","-1658.87","-1658.87","0.00","2026-01-01 23:59:59.000000 UTC"
"C1412322831","-2875.10","-2875.10","0.00","2026-01-01 23:59:59.000000 UTC"
"C1623060829","-895.24","-895.24","0.00","2026-01-01 23:59:59.000000 UTC"
"C1709578324","-10285.86","-10285.86","0.00","2026-01-01 23:59:59.000000 UTC"
"C1900366749","-9644.94","-9644.94","0.00","2026-01-01 23:59:59.000000 UTC"
"C1108889615","-7707.44","-7707.44","0.00","2026-01-01 23:59:59.000000 UTC"
"C1938025186","-4145.04","-4145.04","0.00","2026-01-01 23:59:59.000000 UTC"
"C997695567","-5581.55","-5581.55","0.00","2026-01-01 23:59:59.000000 UTC"
"C1470911015","-4182.93","-4182.93","0.00","2026-01-01 23:59:59.000000 UTC"
"C1971991758","-5507.18","-5507.18","0.00","2026-01-01 23:59:59.000000 UTC"
"C407493402","-128278.74","-128278.74","0.00","2026-01-01 23:59:59.000000 UTC"
"C1860886124","355294.50","355294.50","0.00","2026-01-01 23:59:59.000000 UTC"
"C597364637","-9491.89","-9491.89","0.00","2026-01-01 23:59:59.000000 UTC"
"C1076966140","-950.25","-950.25","0.00","2026-01-01 23:59:59.000000 UTC"
"C662925691","217668.38","217668.38","0.00","2026-01-01 23:59:59.000000 UTC"
"C2091072548","-28404.60","-28404.60","0.00","2026-01-01 23:59:59.000000 UTC"
"C2095677157","-13310.78","-13310.78","0.00","2026-01-01 23:59:59.000000 UTC"
"C1053967012","-8009.09","-8009.09","0.00","2026-01-01 23:59:59.000000 UTC"
"C859123506","-236825.42","-236825.42","0.00","2026-01-01 23:59:59.000000 UTC"
"C452364286","-202624.59","-202624.59","0.00","2026-01-01 23:59:59.000000 UTC"
"C839771540","35902.49","35902.49","0.00","2026-01-01 23:59:59.000000 UTC"
"C1624211687","-1582.67","-1582.67","0.00","2026-01-01 23:59:59.000000 UTC"
"C515520300","-7645.96","-7645.96","0.00","2026-01-01 23:59:59.000000 UTC"
"C533415944","-4402.86","-4402.86","0.00","2026-01-01 23:59:59.000000 UTC"
"C1832283291","-8703.54","-8703.54","0.00","2026-01-01 23:59:59.000000 UTC"
"C2064883371","-5297.36","-5297.36","0.00","2026-01-01 23:59:59.000000 UTC"
"C1007660652","-553.25","-553.25","0.00","2026-01-01 23:59:59.000000 UTC"
"C988904418","-848.74","-848.74","0.00","2026-01-01 23:59:59.000000 UTC"
"C636959006","-1260.62","-1260.62","0.00","2026-01-01 23:59:59.000000 UTC"
"C882646447","-339.82","-339.82","0.00","2026-01-01 23:59:59.000000 UTC"
"C753426788","-285360.06","-285360.06","0.00","2026-01-01 23:59:59.000000 UTC"
"C1172535934","-739112.93","-739112.93","0.00","2026-01-01 23:59:59.000000 UTC"
"C697460450","-4149.86","-4149.86","0.00","2026-01-01 23:59:59.000000 UTC"
"C852190062","-283123.48","-283123.48","0.00","2026-01-01 23:59:59.000000 UTC"
"C696739588","-5403.87","-5403.87","0.00","2026-01-01 23:59:59.000000 UTC"
"C270661321","-5446.88","-5446.88","0.00","2026-01-01 23:59:59.000000 UTC"
"C1990733619","-973.18","-973.18","0.00","2026-01-01 23:59:59.000000 UTC"
"C749443480","-12728.46","-12728.46","0.00","2026-01-01 23:59:59.000000 UTC"
"C1850874910","-795.29","-795.29","0.00","2026-01-01 23:59:59.000000 UTC"
"C1947941827","-138857.19","-138857.19","0.00","2026-01-01 23:59:59.000000 UTC"
"C164439551","-2671.31","-2671.31","0.00","2026-01-01 23:59:59.000000 UTC"
"C173738886","1271.77","1271.77","0.00","2026-01-01 23:59:59.000000 UTC"
"C864248990","-6811.97","-6811.97","0.00","2026-01-01 23:59:59.000000 UTC"
"C1532139270","-65521.42","-65521.42","0.00","2026-01-01 23:59:59.000000 UTC"
"C708613859","193161.04","193161.04","0.00","2026-01-01 23:59:59.000000 UTC"
"C1690050988","-2270.41","-2270.41","0.00","2026-01-01 23:59:59.000000 UTC"
"C416201381","-6536.86","-6536.86","0.00","2026-01-01 23:59:59.000000 UTC"
"C2052223881","65413.89","65413.89","0.00","2026-01-01 23:59:59.000000 UTC"
"C660595570","90340.16","90340.16","0.00","2026-01-01 23:59:59.000000 UTC"
"C42820240","-5223.97","-5223.97","0.00","2026-01-01 23:59:59.000000 UTC"
"C873175411","-224606.64","-224606.64","0.00","2026-01-01 23:59:59.000000 UTC"
"C1453606810","144366.64","144366.64","0.00","2026-01-01 23:59:59.000000 UTC"
"C1195396074","183250.00","183250.00","0.00","2026-01-01 23:59:59.000000 UTC"
"C1979080261","217615.09","217615.09","0.00","2026-01-01 23:59:59.000000 UTC"
"C1427775702","-10430.39","-10430.39","0.00","2026-01-01 23:59:59.000000 UTC"
"C1488946768","-8865.26","-8865.26","0.00","2026-01-01 23:59:59.000000 UTC"
"C1088417975","-163100.34","-163100.34","0.00","2026-01-01 23:59:59.000000 UTC"
"C1976602906","-624.61","-624.61","0.00","2026-01-01 23:59:59.000000 UTC"
"C1313799195","-6757.51","-6757.51","0.00","2026-01-01 23:59:59.000000 UTC"
"C1233595751","-53631.83","-53631.83","0.00","2026-01-01 23:59:59.000000 UTC"
"C350069300","-118235.16","-118235.16","0.00","2026-01-01 23:59:59.000000 UTC"
"C691779749","-1979.94","-1979.94","0.00","2026-01-01 23:59:59.000000 UTC"
"C52913970","-13679.84","-13679.84","0.00","2026-01-01 23:59:59.000000 UTC"
"C429058804","-20560.86","-20560.86","0.00","2026-01-01 23:59:59.000000 UTC"
"C1476235721","131409.27","131409.27","0.00","2026-01-01 23:59:59.000000 UTC"
"C203819996","194900.16","194900.16","0.00","2026-01-01 23:59:59.000000 UTC"
"C1751500625","-69708.79","-69708.79","0.00","2026-01-01 23:59:59.000000 UTC"
"C1478995734","-2056.59","-2056.59","0.00","2026-01-01 23:59:59.000000 UTC"
"C375097969","-3801.74","-3801.74","0.00","2026-01-01 23:59:59.000000 UTC"
"C1527007086","9577.45","9577.45","0.00","2026-01-01 23:59:59.000000 UTC"
"C1495608502","-1724887.05","-1724887.05","0.00","2026-01-01 23:59:59.000000 UTC"
"C878861517","-6557.51","-6557.51","0.00","2026-01-01 23:59:59.000000 UTC"
"C1027319653","-9014.95","-9014.95","0.00","2026-01-01 23:59:59.000000 UTC"
"C1011044643","-12154.70","-12154.70","0.00","2026-01-01 23:59:59.000000 UTC"
"C1449772539","-379856.23","-379856.23","0.00","2026-01-01 23:59:59.000000 UTC"
"C955611965","-4779.93","-4779.93","0.00","2026-01-01 23:59:59.000000 UTC"
"C65080774","-635507.97","-635507.97","0.00","2026-01-01 23:59:59.000000 UTC"
"C2051598050","-3043.27","-3043.27","0.00","2026-01-01 23:59:59.000000 UTC"
"C635288507","-34390.85","-34390.85","0.00","2026-01-01 23:59:59.000000 UTC"
"C1170788511","-13449.95","-13449.95","0.00","2026-01-01 23:59:59.000000 UTC"
"C1586470445","-161445.91","-161445.91","0.00","2026-01-01 23:59:59.000000 UTC"
"C649769713","-9536.54","-9536.54","0.00","2026-01-01 23:59:59.000000 UTC"
"C79161706","-2340.34","-2340.34","0.00","2026-01-01 23:59:59.000000 UTC"
"C1489193907","197031.04","197031.04","0.00","2026-01-01 23:59:59.000000 UTC"
"C2117642238","92971.79","92971.79","0.00","2026-01-01 23:59:59.000000 UTC"
"C1760219993","-190445.51","-190445.51","0.00","2026-01-01 23:59:59.000000 UTC"
"C1313960293","-6432.26","-6432.26","0.00","2026-01-01 23:59:59.000000 UTC"
"C788892554","-1530.83","-1530.83","0.00","2026-01-01 23:59:59.000000 UTC"
"C119112899","-83859.59","-83859.59","0.00","2026-01-01 23:59:59.000000 UTC"
"C990679445","-71991.42","-71991.42","0.00","2026-01-01 23:59:59.000000 UTC"
"C1747053097","236747.60","236747.60","0.00","2026-01-01 23:59:59.000000 UTC"
"C538667887","345347.70","345347.70","0.00","2026-01-01 23:59:59.000000 UTC"
"C494953170","-598.24","-598.24","0.00","2026-01-01 23:59:59.000000 UTC"
"C712627377","-584.52","-584.52","0.00","2026-01-01 23:59:59.000000 UTC"
"C1210939243","-374.36","-374.36","0.00","2026-01-01 23:59:59.000000 UTC"
"C466032056","-596617.87","-596617.87","0.00","2026-01-01 23:59:59.000000 UTC"
"C140404585","-302693.14","-302693.14","0.00","2026-01-01 23:59:59.000000 UTC"
"C1527152775","-187726.67","-187726.67","0.00","2026-01-01 23:59:59.000000 UTC"
"C1924227192","-242940.23","-242940.23","0.00","2026-01-01 23:59:59.000000 UTC"
"C1336775847","-84212.94","-84212.94","0.00","2026-01-01 23:59:59.000000 UTC"
"C307605969","-132.42","-132.42","0.00","2026-01-01 23:59:59.000000 UTC"
"C977997405","-151096.79","-151096.79","0.00","2026-01-01 23:59:59.000000 UTC"
"C58890945","230021.01","230021.01","0.00","2026-01-01 23:59:59.000000 UTC"
"C1026483832","-4098.78","-4098.78","0.00","2026-01-01 23:59:59.000000 UTC"
"C338620258","-8094.53","-8094.53","0.00","2026-01-01 23:59:59.000000 UTC"
"C396918327","-1457213.54","-1457213.54","0.00","2026-01-01 23:59:59.000000 UTC"
"C702999333","132457.52","132457.52","0.00","2026-01-01 23:59:59.000000 UTC"
"C1697281847","-11938.61","-11938.61","0.00","2026-01-01 23:59:59.000000 UTC"
"C1566511282","-9302.79","-9302.79","0.00","2026-01-01 23:59:59.000000 UTC"
"C1724814719","-19561.05","-19561.05","0.00","2026-01-01 23:59:59.000000 UTC"
"C1765702","6287.28","6287.28","0.00","2026-01-01 23:59:59.000000 UTC"
"C1233505227","-8679.29","-8679.29","0.00","2026-01-01 23:59:59.000000 UTC"
"C1243171897","-17231.46","-17231.46","0.00","2026-01-01 23:59:59.000000 UTC"
"C2072313080","-23261.30","-23261.30","0.00","2026-01-01 23:59:59.000000 UTC"
"C315461968","-13427.34","-13427.34","0.00","2026-01-01 23:59:59.000000 UTC"
"C1491860739","-3060.54","-3060.54","0.00","2026-01-01 23:59:59.000000 UTC"
"C1434015813","-3035.35","-3035.35","0.00","2026-01-01 23:59:59.000000 UTC"
"C2145420209","-1009.43","-1009.43","0.00","2026-01-01 23:59:59.000000 UTC"
"C1360541835","-1157.05","-1157.05","0.00","2026-01-01 23:59:59.000000 UTC"
"C472991420","-3852.64","-3852.64","0.00","2026-01-01 23:59:59.000000 UTC"
"C1639765351","311449.38","311449.38","0.00","2026-01-01 23:59:59.000000 UTC"
"C988690806","-2195.63","-2195.63","0.00","2026-01-01 23:59:59.000000 UTC"
"C1726616678","-13252.81","-13252.81","0.00","2026-01-01 23:59:59.000000 UTC"
"C2121995675","-210370.09","-210370.09","0.00","2026-01-01 23:59:59.000000 UTC"
"C252615006","-6057.80","-6057.80","0.00","2026-01-01 23:59:59.000000 UTC"
"C1705665942","-17348.25","-17348.25","0.00","2026-01-01 23:59:59.000000 UTC"
"C1043358826","-6061.13","-6061.13","0.00","2026-01-01 23:59:59.000000 UTC"
"C735228558","62871.06","62871.06","0.00","2026-01-01 23:59:59.000000 UTC"
"C2036775591","-136030.66","-136030.66","0.00","2026-01-01 23:59:59.000000 UTC"
"C706665172","-348186.20","-348186.20","0.00","2026-01-01 23:59:59.000000 UTC"
"C1408279755","-202332.08","-202332.08","0.00","2026-01-01 23:59:59.000000 UTC"
"C484199463","-13875.98","-13875.98","0.00","2026-01-01 23:59:59.000000 UTC"
"C1408533352","-4573.12","-4573.12","0.00","2026-01-01 23:59:59.000000 UTC"
"C1627010197","-166335.32","-166335.32","0.00","2026-01-01 23:59:59.000000 UTC"
"C130166095","-19644.08","-19644.08","0.00","2026-01-01 23:59:59.000000 UTC"
"C1659286984","38071.17","38071.17","0.00","2026-01-01 23:59:59.000000 UTC"
"C811207775","-4874.49","-4874.49","0.00","2026-01-01 23:59:59.000000 UTC"
"C993420850","-8791.02","-8791.02","0.00","2026-01-01 23:59:59.000000 UTC"
"C1238616099","-24213.67","-24213.67","0.00","2026-01-01 23:59:59.000000 UTC"
"C1542598424","-8358.12","-8358.12","0.00","2026-01-01 23:59:59.000000 UTC"
"C373097727","223555.14","223555.14","0.00","2026-01-01 23:59:59.000000 UTC"
"C867093003","-28527.44","-28527.44","0.00","2026-01-01 23:59:59.000000 UTC"
"C1306794745","10266.70","10266.70","0.00","2026-01-01 23:59:59.000000 UTC"
"C424786033","-4802.31","-4802.31","0.00","2026-01-01 23:59:59.000000 UTC"
"C253348306","-8358.81","-8358.81","0.00","2026-01-01 23:59:59.000000 UTC"
"C215078753","-4206.84","-4206.84","0.00","2026-01-01 23:59:59.000000 UTC"
"C1091234211","-2380.46","-2380.46","0.00","2026-01-01 23:59:59.000000 UTC"
"C1112456099","-26004.52","-26004.52","0.00","2026-01-01 23:59:59.000000 UTC"
"C1586151649","-2731.37","-2731.37","0.00","2026-01-01 23:59:59.000000 UTC"
"C743778731","-335416.51","-335416.51","0.00","2026-01-01 23:59:59.000000 UTC"
"C1053632127","-1267.97","-1267.97","0.00","2026-01-01 23:59:59.000000 UTC"
"C547441493","-445038.71","-445038.71","0.00","2026-01-01 23:59:59.000000 UTC"
"C1068945248","-2618.76","-2618.76","0.00","2026-01-01 23:59:59.000000 UTC"
"C1278839936","257348.03","257348.03","0.00","2026-01-01 23:59:59.000000 UTC"
"C1403716230","-155122.86","-155122.86","0.00","2026-01-01 23:59:59.000000 UTC"
"C785306763","-36349.35","-36349.35","0.00","2026-01-01 23:59:59.000000 UTC"
"C1338958728","-6249.78","-6249.78","0.00","2026-01-01 23:59:59.000000 UTC"
"C1407324654","-41924.75","-41924.75","0.00","2026-01-01 23:59:59.000000 UTC"
"C1959451969","-1928.55","-1928.55","0.00","2026-01-01 23:59:59.000000 UTC"
"C373544591","-6973.12","-6973.12","0.00","2026-01-01 23:59:59.000000 UTC"
"C1376151044","-78766.03","-78766.03","0.00","2026-01-01 23:59:59.000000 UTC"
"C176955204","-9152.97","-9152.97","0.00","2026-01-01 23:59:59.000000 UTC"
"C1547398254","-12666.68","-12666.68","0.00","2026-01-01 23:59:59.000000 UTC"
"C722417467","-679502.24","-679502.24","0.00","2026-01-01 23:59:59.000000 UTC"
"C756080817","-8809.04","-8809.04","0.00","2026-01-01 23:59:59.000000 UTC"
"C1756819670","418688.27","418688.27","0.00","2026-01-01 23:59:59.000000 UTC"
"C281421502","248196.92","248196.92","0.00","2026-01-01 23:59:59.000000 UTC"
"C1389509050","-507.12","-507.12","0.00","2026-01-01 23:59:59.000000 UTC"
"C1250582716","-6917.10","-6917.10","0.00","2026-01-01 23:59:59.000000 UTC"
"C1927499639","-5287.68","-5287.68","0.00","2026-01-01 23:59:59.000000 UTC"
"C1163088324","-334262.17","-334262.17","0.00","2026-01-01 23:59:59.000000 UTC"
"C334593716","-7344.92","-7344.92","0.00","2026-01-01 23:59:59.000000 UTC"
"C1423016050","-4419.04","-4419.04","0.00","2026-01-01 23:59:59.000000 UTC"
"C2088582214","-3511.45","-3511.45","0.00","2026-01-01 23:59:59.000000 UTC"
"C901689694","-312471.16","-312471.16","0.00","2026-01-01 23:59:59.000000 UTC"
"C173791568","349505.89","349505.89","0.00","2026-01-01 23:59:59.000000 UTC"
"C1888924788","-15785.85","-15785.85","0.00","2026-01-01 23:59:59.000000 UTC"
"C2044825144","-306280.12","-306280.12","0.00","2026-01-01 23:59:59.000000 UTC"
"C523211332","22384.21","22384.21","0.00","2026-01-01 23:59:59.000000 UTC"
"C1805443519","-4946.03","-4946.03","0.00","2026-01-01 23:59:59.000000 UTC"
"C137533655","-20128.00","-20128.00","0.00","2026-01-01 23:59:59.000000 UTC"
"C258737099","-22043.92","-22043.92","0.00","2026-01-01 23:59:59.000000 UTC"
"C938463537","-88834.86","-88834.86","0.00","2026-01-01 23:59:59.000000 UTC"
"C1556162268","-7203.07","-7203.07","0.00","2026-01-01 23:59:59.000000 UTC"
"C249177573","-3099.97","-3099.97","0.00","2026-01-01 23:59:59.000000 UTC"
"C1632497828","-8901.99","-8901.99","0.00","2026-01-01 23:59:59.000000 UTC"
"C1624817884","-126167.70","-126167.70","0.00","2026-01-01 23:59:59.000000 UTC"
"C1275009283","-636.95","-636.95","0.00","2026-01-01 23:59:59.000000 UTC"
"C1712230656","-4108.80","-4108.80","0.00","2026-01-01 23:59:59.000000 UTC"
"C791408866","-429.42","-429.42","0.00","2026-01-01 23:59:59.000000 UTC"
"C1262609629","-6444.64","-6444.64","0.00","2026-01-01 23:59:59.000000 UTC"
"C1532554556","-3673.10","-3673.10","0.00","2026-01-01 23:59:59.000000 UTC"
"C1213871206","98560.08","98560.08","0.00","2026-01-01 23:59:59.000000 UTC"
"C1420810053","-5923.01","-5923.01","0.00","2026-01-01 23:59:59.000000 UTC"
"C1453062635","-345698.98","-345698.98","0.00","2026-01-01 23:59:59.000000 UTC"
"C1609086753","-540789.56","-540789.56","0.00","2026-01-01 23:59:59.000000 UTC"
"C2052457859","-191702.06","-191702.06","0.00","2026-01-01 23:59:59.000000 UTC"
"C1706272858","156922.36","156922.36","0.00","2026-01-01 23:59:59.000000 UTC"
"C749604930","157108.01","157108.01","0.00","2026-01-01 23:59:59.000000 UTC"
"C1997357673","-1328.59","-1328.59","0.00","2026-01-01 23:59:59.000000 UTC"
"C493944943","-66312.08","-66312.08","0.00","2026-01-01 23:59:59.000000 UTC"
"C696165690","-20573.40","-20573.40","0.00","2026-01-01 23:59:59.000000 UTC"
"C647149086","-11990.19","-11990.19","0.00","2026-01-01 23:59:59.000000 UTC"
"C121678773","-2935.86","-2935.86","0.00","2026-01-01 23:59:59.000000 UTC"
"C803893384","-2426.31","-2426.31","0.00","2026-01-01 23:59:59.000000 UTC"
"C1459016715","-4940.20","-4940.20","0.00","2026-01-01 23:59:59.000000 UTC"
"C324112183","-81029.86","-81029.86","0.00","2026-01-01 23:59:59.000000 UTC"
"C214649627","-7452.89","-7452.89","0.00","2026-01-01 23:59:59.000000 UTC"
"C1926027290","-1017.85","-1017.85","0.00","2026-01-01 23:59:59.000000 UTC"
"C858423246","-8348.75","-8348.75","0.00","2026-01-01 23:59:59.000000 UTC"
"C1059300256","-15034.23","-15034.23","0.00","2026-01-01 23:59:59.000000 UTC"
"C1896074070","-212228.35","-212228.35","0.00","2026-01-01 23:59:59.000000 UTC"
"C835773569","-710544.77","-710544.77","0.00","2026-01-01 23:59:59.000000 UTC"
"C1228963996","-13288.84","-13288.84","0.00","2026-01-01 23:59:59.000000 UTC"
"C1261044180","-267148.82","-267148.82","0.00","2026-01-01 23:59:59.000000 UTC"
"C932885627","-4451.95","-4451.95","0.00","2026-01-01 23:59:59.000000 UTC"
"C422522663","24105.50","24105.50","0.00","2026-01-01 23:59:59.000000 UTC"
"C926859124","-1505626.01","-1505626.01","0.00","2026-01-01 23:59:59.000000 UTC"
"C406749219","103005.78","103005.78","0.00","2026-01-01 23:59:59.000000 UTC"
"C1317375498","-3428.95","-3428.95","0.00","2026-01-01 23:59:59.000000 UTC"
"C163385254","-13833.75","-13833.75","0.00","2026-01-01 23:59:59.000000 UTC"
"C562561015","-1180.55","-1180.55","0.00","2026-01-01 23:59:59.000000 UTC"
"C1635772897","-35063.63","-35063.63","0.00","2026-01-01 23:59:59.000000 UTC"
"C1851255134","-1045.63","-1045.63","0.00","2026-01-01 23:59:59.000000 UTC"
"C725832346","161632.16","161632.16","0.00","2026-01-01 23:59:59.000000 UTC"
"C200404000","-4059.25","-4059.25","0.00","2026-01-01 23:59:59.000000 UTC"
"C565881091","53560.68","53560.68","0.00","2026-01-01 23:59:59.000000 UTC"
"C1215951090","-14306.80","-14306.80","0.00","2026-01-01 23:59:59.000000 UTC"
"C1016856028","-1795.67","-1795.67","0.00","2026-01-01 23:59:59.000000 UTC"
"C1200048933","-411363.54","-411363.54","0.00","2026-01-01 23:59:59.000000 UTC"
"C1780293706","-17020.69","-17020.69","0.00","2026-01-01 23:59:59.000000 UTC"
"C1626852381","-3316.21","-3316.21","0.00","2026-01-01 23:59:59.000000 UTC"
"C712423434","-5416.80","-5416.80","0.00","2026-01-01 23:59:59.000000 UTC"
"C1377301456","-6688.74","-6688.74","0.00","2026-01-01 23:59:59.000000 UTC"
"C180316302","65912.95","65912.95","0.00","2026-01-01 23:59:59.000000 UTC"
"C1924990666","-116206.75","-116206.75","0.00","2026-01-01 23:59:59.000000 UTC"
"C552674617","-161217.61","-161217.61","0.00","2026-01-01 23:59:59.000000 UTC"
"C2019157894","-1977.17","-1977.17","0.00","2026-01-01 23:59:59.000000 UTC"
"C576894497","141131.23","141131.23","0.00","2026-01-01 23:59:59.000000 UTC"
"C708153797","-9550.43","-9550.43","0.00","2026-01-01 23:59:59.000000 UTC"
"C888611662","-169409.87","-169409.87","0.00","2026-01-01 23:59:59.000000 UTC"
"C1997344422","-881.26","-881.26","0.00","2026-01-01 23:59:59.000000 UTC"
"C478209179","270824.42","270824.42","0.00","2026-01-01 23:59:59.000000 UTC"
"C25936709","-19162.08","-19162.08","0.00","2026-01-01 23:59:59.000000 UTC"
"C2018260103","-89962.11","-89962.11","0.00","2026-01-01 23:59:59.000000 UTC"
"C237373286","-3154.06","-3154.06","0.00","2026-01-01 23:59:59.000000 UTC"
"C1629454900","-700967.19","-700967.19","0.00","2026-01-01 23:59:59.000000 UTC"
"C2017860548","-264361.19","-264361.19","0.00","2026-01-01 23:59:59.000000 UTC"
"C1863655430","-281339.92","-281339.92","0.00","2026-01-01 23:59:59.000000 UTC"
"C2139168000","-5423.28","-5423.28","0.00","2026-01-01 23:59:59.000000 UTC"
"C740007499","-2469.75","-2469.75","0.00","2026-01-01 23:59:59.000000 UTC"
"C1114335860","-6969.67","-6969.67","0.00","2026-01-01 23:59:59.000000 UTC"
"C957923719","-9269.99","-9269.99","0.00","2026-01-01 23:59:59.000000 UTC"
"C711310213","-497424.19","-497424.19","0.00","2026-01-01 23:59:59.000000 UTC"
"C1528769018","-2610.01","-2610.01","0.00","2026-01-01 23:59:59.000000 UTC"
"C1060519157","45317.95","45317.95","0.00","2026-01-01 23:59:59.000000 UTC"
"C1430199669","42547.96","42547.96","0.00","2026-01-01 23:59:59.000000 UTC"
"C1057569470","-7272.63","-7272.63","0.00","2026-01-01 23:59:59.000000 UTC"
"C2082351661","-71532.24","-71532.24","0.00","2026-01-01 23:59:59.000000 UTC"
"C837073696","-6666.78","-6666.78","0.00","2026-01-01 23:59:59.000000 UTC"
"C440736059","-3007.83","-3007.83","0.00","2026-01-01 23:59:59.000000 UTC"
"C1368862151","-864.68","-864.68","0.00","2026-01-01 23:59:59.000000 UTC"
"C1562764987","-102265.88","-102265.88","0.00","2026-01-01 23:59:59.000000 UTC"
"C1118430673","-20128.00","-20128.00","0.00","2026-01-01 23:59:59.000000 UTC"
"C144699438","-82054.36","-82054.36","0.00","2026-01-01 23:59:59.000000 UTC"
"C737104370","-4233.45","-4233.45","0.00","2026-01-01 23:59:59.000000 UTC"
"C1086849943","-147804.02","-147804.02","0.00","2026-01-01 23:59:59.000000 UTC"
"C293474277","-94038.90","-94038.90","0.00","2026-01-01 23:59:59.000000 UTC"
"C2002174925","214851.41","214851.41","0.00","2026-01-01 23:59:59.000000 UTC"
"C487416600","-106267.21","-106267.21","0.00","2026-01-01 23:59:59.000000 UTC"
"C2076249476","29467.02","29467.02","0.00","2026-01-01 23:59:59.000000 UTC"
"C727197178","142577.44","142577.44","0.00","2026-01-01 23:59:59.000000 UTC"
"C1687627235","-1741.24","-1741.24","0.00","2026-01-01 23:59:59.000000 UTC"
"C527211736","-47458.86","-47458.86","0.00","2026-01-01 23:59:59.000000 UTC"
"C840083671","-181.00","-181.00","0.00","2026-01-01 23:59:59.000000 UTC"
"C1233327519","-89038.75","-89038.75","0.00","2026-01-01 23:59:59.000000 UTC"
"C1531200408","91457.82","91457.82","0.00","2026-01-01 23:59:59.000000 UTC"
"C1262110193","-314403.14","-314403.14","0.00","2026-01-01 23:59:59.000000 UTC"
"C662666707","-86410.30","-86410.30","0.00","2026-01-01 23:59:59.000000 UTC"
"C407997647","-32635.14","-32635.14","0.00","2026-01-01 23:59:59.000000 UTC"
"C638695843","90556.08","90556.08","0.00","2026-01-01 23:59:59.000000 UTC"
"C1868578441","-1101.09","-1101.09","0.00","2026-01-01 23:59:59.000000 UTC"
"C1677568775","-116977.58","-116977.58","0.00","2026-01-01 23:59:59.000000 UTC"
"C1257299717","-25.12","-25.12","0.00","2026-01-01 23:59:59.000000 UTC"
"C564817260","100275.09","100275.09","0.00","2026-01-01 23:59:59.000000 UTC"
"C1530957251","-2755.96","-2755.96","0.00","2026-01-01 23:59:59.000000 UTC"
"C2047984839","-3537.25","-3537.25","0.00","2026-01-01 23:59:59.000000 UTC"
"C1443173326","-3193.99","-3193.99","0.00","2026-01-01 23:59:59.000000 UTC"
"C426019904","-466.97","-466.97","0.00","2026-01-01 23:59:59.000000 UTC"
"C754527431","-2871.89","-2871.89","0.00","2026-01-01 23:59:59.000000 UTC"
"C864221358","25090.03","25090.03","0.00","2026-01-01 23:59:59.000000 UTC"
"C1930837320","127954.70","127954.70","0.00","2026-01-01 23:59:59.000000 UTC"
"C519303080","-4252.82","-4252.82","0.00","2026-01-01 23:59:59.000000 UTC"
"C603658030","-1718.29","-1718.29","0.00","2026-01-01 23:59:59.000000 UTC"
"C749981943","-416001.33","-416001.33","0.00","2026-01-01 23:59:59.000000 UTC"
"C243575009","-3823.08","-3823.08","0.00","2026-01-01 23:59:59.000000 UTC"
"C504336483","-3876.41","-3876.41","0.00","2026-01-01 23:59:59.000000 UTC"
"C214320652","-249592.99","-249592.99","0.00","2026-01-01 23:59:59.000000 UTC"
"C908084672","-358831.92","-358831.92","0.00","2026-01-01 23:59:59.000000 UTC"
"C1100109058","-84.22","-84.22","0.00","2026-01-01 23:59:59.000000 UTC"
"C1395262169","-300.41","-300.41","0.00","2026-01-01 23:59:59.000000 UTC"
"C156711739","-1122.14","-1122.14","0.00","2026-01-01 23:59:59.000000 UTC"
"C1533123860","-136872.92","-136872.92","0.00","2026-01-01 23:59:59.000000 UTC"
"C414225167","-4304.58","-4304.58","0.00","2026-01-01 23:59:59.000000 UTC"
"C166694583","-8727.74","-8727.74","0.00","2026-01-01 23:59:59.000000 UTC"
"C46941357","-2970.97","-2970.97","0.00","2026-01-01 23:59:59.000000 UTC"
"C1091781053","-13259.12","-13259.12","0.00","2026-01-01 23:59:59.000000 UTC"
"C1193841543","-472385.25","-472385.25","0.00","2026-01-01 23:59:59.000000 UTC"
"C553759818","-32702.61","-32702.61","0.00","2026-01-01 23:59:59.000000 UTC"
"C727666004","-6598.71","-6598.71","0.00","2026-01-01 23:59:59.000000 UTC"
"C677120200","-2998.20","-2998.20","0.00","2026-01-01 23:59:59.000000 UTC"
"C1527254842","-154.87","-154.87","0.00","2026-01-01 23:59:59.000000 UTC"
"C1491522744","-38428.19","-38428.19","0.00","2026-01-01 23:59:59.000000 UTC"
"C483525032","-9470.85","-9470.85","0.00","2026-01-01 23:59:59.000000 UTC"
"C1456061400","-704.74","-704.74","0.00","2026-01-01 23:59:59.000000 UTC"
"C2144067911","-969631.31","-969631.31","0.00","2026-01-01 23:59:59.000000 UTC"
"C2029372696","-193605.38","-193605.38","0.00","2026-01-01 23:59:59.000000 UTC"
"C807322507","-12986.61","-12986.61","0.00","2026-01-01 23:59:59.000000 UTC"
"C975033189","-2867.14","-2867.14","0.00","2026-01-01 23:59:59.000000 UTC"
"C648315947","76932.89","76932.89","0.00","2026-01-01 23:59:59.000000 UTC"
"C1976166251","-8811.67","-8811.67","0.00","2026-01-01 23:59:59.000000 UTC"
"C1909398279","-3026.98","-3026.98","0.00","2026-01-01 23:59:59.000000 UTC"
"C1006624255","-1213.64","-1213.64","0.00","2026-01-01 23:59:59.000000 UTC"
"C1305004711","-8586.98","-8586.98","0.00","2026-01-01 23:59:59.000000 UTC"
"C1446001495","-289645.52","-289645.52","0.00","2026-01-01 23:59:59.000000 UTC"
"C2123222442","-171369.73","-171369.73","0.00","2026-01-01 23:59:59.000000 UTC"
"C1160487387","-205279.62","-205279.62","0.00","2026-01-01 23:59:59.000000 UTC"
"C707635461","-12621.09","-12621.09","0.00","2026-01-01 23:59:59.000000 UTC"
"C443713699","60836.64","60836.64","0.00","2026-01-01 23:59:59.000000 UTC"
"C204322447","-5775.15","-5775.15","0.00","2026-01-01 23:59:59.000000 UTC"
"C1187410086","-320.53","-320.53","0.00","2026-01-01 23:59:59.000000 UTC"
"C1269773610","154578.28","154578.28","0.00","2026-01-01 23:59:59.000000 UTC"
"C1384563514","-1824.59","-1824.59","0.00","2026-01-01 23:59:59.000000 UTC"
"C1260487756","-1616.52","-1616.52","0.00","2026-01-01 23:59:59.000000 UTC"
"C1592840862","-406297.68","-406297.68","0.00","2026-01-01 23:59:59.000000 UTC"
"C903268937","-12162.01","-12162.01","0.00","2026-01-01 23:59:59.000000 UTC"
"C69673470","-7292.16","-7292.16","0.00","2026-01-01 23:59:59.000000 UTC"
"C1663488386","-1647.93","-1647.93","0.00","2026-01-01 23:59:59.000000 UTC"
"C1659309731","-10498.05","-10498.05","0.00","2026-01-01 23:59:59.000000 UTC"
"C1560379655","254895.50","254895.50","0.00","2026-01-01 23:59:59.000000 UTC"
"C1166230227","-1449.03","-1449.03","0.00","2026-01-01 23:59:59.000000 UTC"
"C231725600","-3486.78","-3486.78","0.00","2026-01-01 23:59:59.000000 UTC"
"C695530017","62325.15","62325.15","0.00","2026-01-01 23:59:59.000000 UTC"
"C1441328175","-10648.06","-10648.06","0.00","2026-01-01 23:59:59.000000 UTC"
"C1774690057","-256773.54","-256773.54","0.00","2026-01-01 23:59:59.000000 UTC"
"C1271041075","-5491.50","-5491.50","0.00","2026-01-01 23:59:59.000000 UTC"
"C1765900922","-982862.81","-982862.81","0.00","2026-01-01 23:59:59.000000 UTC"
"C57624756","228710.05","228710.05","0.00","2026-01-01 23:59:59.000000 UTC"
"C460741164","-85423.63","-85423.63","0.00","2026-01-01 23:59:59.000000 UTC"
"C1574615832","-1234.00","-1234.00","0.00","2026-01-01 23:59:59.000000 UTC"
"C105321150","-11770.54","-11770.54","0.00","2026-01-01 23:59:59.000000 UTC"
"C1544614339","-280877.92","-280877.92","0.00","2026-01-01 23:59:59.000000 UTC"
"C265577219","-169854.57","-169854.57","0.00","2026-01-01 23:59:59.000000 UTC"
"C1003755748","-9029.12","-9029.12","0.00","2026-01-01 23:59:59.000000 UTC"
"C93798665","-1456.09","-1456.09","0.00","2026-01-01 23:59:59.000000 UTC"
"C1252540239","-3875.99","-3875.99","0.00","2026-01-01 23:59:59.000000 UTC"
"C1358857082","-8378.01","-8378.01","0.00","2026-01-01 23:59:59.000000 UTC"
"C751608431","-3896.42","-3896.42","0.00","2026-01-01 23:59:59.000000 UTC"
"C1666544295","-1864.28","-1864.28","0.00","2026-01-01 23:59:59.000000 UTC"
"C1821100643","-10856.63","-10856.63","0.00","2026-01-01 23:59:59.000000 UTC"
"C2022689531","628719.07","628719.07","0.00","2026-01-01 23:59:59.000000 UTC"
"C482307698","764772.98","764772.98","0.00","2026-01-01 23:59:59.000000 UTC"
"C1068445309","-11656.12","-11656.12","0.00","2026-01-01 23:59:59.000000 UTC"
"C1197498159","-1298.70","-1298.70","0.00","2026-01-01 23:59:59.000000 UTC"
"C1946111918","30811.56","30811.56","0.00","2026-01-01 23:59:59.000000 UTC"
"C1110698130","-4635.18","-4635.18","0.00","2026-01-01 23:59:59.000000 UTC"
"C998242313","182861.45","182861.45","0.00","2026-01-01 23:59:59.000000 UTC"
"C1052842393","-1697.56","-1697.56","0.00","2026-01-01 23:59:59.000000 UTC"
"C1692375649","-2771.16","-2771.16","0.00","2026-01-01 23:59:59.000000 UTC"
"C690822257","-108600.78","-108600.78","0.00","2026-01-01 23:59:59.000000 UTC"
"C1958592872","-619.24","-619.24","0.00","2026-01-01 23:59:59.000000 UTC"
"C1482166692","-233.76","-233.76","0.00","2026-01-01 23:59:59.000000 UTC"
"C1687354037","-419801.40","-419801.40","0.00","2026-01-01 23:59:59.000000 UTC"
"C1799230133","-1019.90","-1019.90","0.00","2026-01-01 23:59:59.000000 UTC"
"C1278002745","-4497.87","-4497.87","0.00","2026-01-01 23:59:59.000000 UTC"
"C967677821","-1123206.66","-1123206.66","0.00","2026-01-01 23:59:59.000000 UTC"
"C616412281","-7163.90","-7163.90","0.00","2026-01-01 23:59:59.000000 UTC"
"C1531182070","-2880.68","-2880.68","0.00","2026-01-01 23:59:59.000000 UTC"
"C1839206329","-996.00","-996.00","0.00","2026-01-01 23:59:59.000000 UTC"
"C594858858","-58820.08","-58820.08","0.00","2026-01-01 23:59:59.000000 UTC"
"C235370598","-58.21","-58.21","0.00","2026-01-01 23:59:59.000000 UTC"
"C175595853","-4593.59","-4593.59","0.00","2026-01-01 23:59:59.000000 UTC"
"C1690481990","-4279.07","-4279.07","0.00","2026-01-01 23:59:59.000000 UTC"
"C1570470538","-56953.90","-56953.90","0.00","2026-01-01 23:59:59.000000 UTC"
"C1917082298","181002.01","181002.01","0.00","2026-01-01 23:59:59.000000 UTC"
"C1871680329","-276460.62","-276460.62","0.00","2026-01-01 23:59:59.000000 UTC"
"C61426020","-9758.09","-9758.09","0.00","2026-01-01 23:59:59.000000 UTC"
"C130721104","-4867.56","-4867.56","0.00","2026-01-01 23:59:59.000000 UTC"
"C895366343","-7506.65","-7506.65","0.00","2026-01-01 23:59:59.000000 UTC"
"C1101598632","-173597.57","-173597.57","0.00","2026-01-01 23:59:59.000000 UTC"
"C3565780","-2397.82","-2397.82","0.00","2026-01-01 23:59:59.000000 UTC"
"C479734028","-27320.20","-27320.20","0.00","2026-01-01 23:59:59.000000 UTC"
"C1807176280","89327.65","89327.65","0.00","2026-01-01 23:59:59.000000 UTC"
"C464872674","231881.50","231881.50","0.00","2026-01-01 23:59:59.000000 UTC"
"C992086987","-5055.94","-5055.94","0.00","2026-01-01 23:59:59.000000 UTC"
"C1380976928","-144964.23","-144964.23","0.00","2026-01-01 23:59:59.000000 UTC"
"C2056234595","-9616.45","-9616.45","0.00","2026-01-01 23:59:59.000000 UTC"
"C767511741","-8807.01","-8807.01","0.00","2026-01-01 23:59:59.000000 UTC"
"C1528834618","-82940.31","-82940.31","0.00","2026-01-01 23:59:59.000000 UTC"
"C1597742167","-327066.19","-327066.19","0.00","2026-01-01 23:59:59.000000 UTC"
"C976827477","-186447.51","-186447.51","0.00","2026-01-01 23:59:59.000000 UTC"
"C1959708563","55827.09","55827.09","0.00","2026-01-01 23:59:59.000000 UTC"
"C1642679791","-154139.72","-154139.72","0.00","2026-01-01 23:59:59.000000 UTC"
"C259077766","-2033.14","-2033.14","0.00","2026-01-01 23:59:59.000000 UTC"
"C1123559518","-220691.42","-220691.42","0.00","2026-01-01 23:59:59.000000 UTC"
"C1250499735","12336.48","12336.48","0.00","2026-01-01 23:59:59.000000 UTC"
"C795748540","-8491.90","-8491.90","0.00","2026-01-01 23:59:59.000000 UTC"
"C1110195322","-6460.86","-6460.86","0.00","2026-01-01 23:59:59.000000 UTC"
"C36531985","158995.29","158995.29","0.00","2026-01-01 23:59:59.000000 UTC"
"C806813022","-1035.36","-1035.36","0.00","2026-01-01 23:59:59.000000 UTC"
"C467632528","-1277212.77","-1277212.77","0.00","2026-01-01 23:59:59.000000 UTC"
"C768776793","-10782.94","-10782.94","0.00","2026-01-01 23:59:59.000000 UTC"
"C455888635","-4013.02","-4013.02","0.00","2026-01-01 23:59:59.000000 UTC"
"C802255644","-2736.35","-2736.35","0.00","2026-01-01 23:59:59.000000 UTC"
"C244872973","-4088.21","-4088.21","0.00","2026-01-01 23:59:59.000000 UTC"
"C2039984535","-823.36","-823.36","0.00","2026-01-01 23:59:59.000000 UTC"
"C476579021","-1538200.39","-1538200.39","0.00","2026-01-01 23:59:59.000000 UTC"
"C612693043","-5363.35","-5363.35","0.00","2026-01-01 23:59:59.000000 UTC"
"C1800967368","66216.71","66216.71","0.00","2026-01-01 23:59:59.000000 UTC"
"C203149502","-100677.86","-100677.86","0.00","2026-01-01 23:59:59.000000 UTC"
"C50503805","-128487.35","-128487.35","0.00","2026-01-01 23:59:59.000000 UTC"
"C458817438","-2763.95","-2763.95","0.00","2026-01-01 23:59:59.000000 UTC"
"C1972143064","160347.32","160347.32","0.00","2026-01-01 23:59:59.000000 UTC"
"C711197015","-3295.19","-3295.19","0.00","2026-01-01 23:59:59.000000 UTC"
"C1149407083","205955.77","205955.77","0.00","2026-01-01 23:59:59.000000 UTC"
"C1751403001","135324.19","135324.19","0.00","2026-01-01 23:59:59.000000 UTC"
"C1060042118","-4833.96","-4833.96","0.00","2026-01-01 23:59:59.000000 UTC"
"C307488715","-73464.06","-73464.06","0.00","2026-01-01 23:59:59.000000 UTC"
"C1620409359","-82691.56","-82691.56","0.00","2026-01-01 23:59:59.000000 UTC"
"C1618984457","334234.39","334234.39","0.00","2026-01-01 23:59:59.000000 UTC"
"C1033348658","-171508.59","-171508.59","0.00","2026-01-01 23:59:59.000000 UTC"
"C1768882706","-7265.63","-7265.63","0.00","2026-01-01 23:59:59.000000 UTC"
"C792855998","-10265.17","-10265.17","0.00","2026-01-01 23:59:59.000000 UTC"
"C1959239586","-1065.41","-1065.41","0.00","2026-01-01 23:59:59.000000 UTC"
"C749486981","-43670.84","-43670.84","0.00","2026-01-01 23:59:59.000000 UTC"
"C1123236701","-749.34","-749.34","0.00","2026-01-01 23:59:59.000000 UTC"
"C589363823","-296752.75","-296752.75","0.00","2026-01-01 23:59:59.000000 UTC"
"C215759534","-8716.47","-8716.47","0.00","2026-01-01 23:59:59.000000 UTC"
"C1674403916","-2851.83","-2851.83","0.00","2026-01-01 23:59:59.000000 UTC"
"C1202042637","-4270.02","-4270.02","0.00","2026-01-01 23:59:59.000000 UTC"
"C88301993","-8419.73","-8419.73","0.00","2026-01-01 23:59:59.000000 UTC"
"C873309260","-151829.91","-151829.91","0.00","2026-01-01 23:59:59.000000 UTC"
"C1574873161","-1239.06","-1239.06","0.00","2026-01-01 23:59:59.000000 UTC"
"C1890266440","-99109.77","-99109.77","0.00","2026-01-01 23:59:59.000000 UTC"
"C1483145520","-19375.50","-19375.50","0.00","2026-01-01 23:59:59.000000 UTC"
"C534753234","-879.42","-879.42","0.00","2026-01-01 23:59:59.000000 UTC"
"C821405322","-32643.79","-32643.79","0.00","2026-01-01 23:59:59.000000 UTC"
"C1402531280","-12178.51","-12178.51","0.00","2026-01-01 23:59:59.000000 UTC"
"C1662592920","-248979.22","-248979.22","0.00","2026-01-01 23:59:59.000000 UTC"
"C1428494531","-10932.41","-10932.41","0.00","2026-01-01 23:59:59.000000 UTC"
"C16148478","84980.31","84980.31","0.00","2026-01-01 23:59:59.000000 UTC"
"C376725601","61150.85","61150.85","0.00","2026-01-01 23:59:59.000000 UTC"
"C827035437","-9314.84","-9314.84","0.00","2026-01-01 23:59:59.000000 UTC"
"C1839168128","-583848.46","-583848.46","0.00","2026-01-01 23:59:59.000000 UTC"
"C1733056574","-47477.97","-47477.97","0.00","2026-01-01 23:59:59.000000 UTC"
"C1123321137","8679.13","8679.13","0.00","2026-01-01 23:59:59.000000 UTC"
"C1305486145","-181.00","-181.00","0.00","2026-01-01 23:59:59.000000 UTC"
"C1718906711","-94253.33","-94253.33","0.00","2026-01-01 23:59:59.000000 UTC"
"C973936431","-157883.07","-157883.07","0.00","2026-01-01 23:59:59.000000 UTC"
"C1174881426","-1220.37","-1220.37","0.00","2026-01-01 23:59:59.000000 UTC"
"C1108517064","-26923.42","-26923.42","0.00","2026-01-01 23:59:59.000000 UTC"
"C1978504976","-5432.09","-5432.09","0.00","2026-01-01 23:59:59.000000 UTC"
"C1079125839","-8946.63","-8946.63","0.00","2026-01-01 23:59:59.000000 UTC"
"C1496220730","-62073.54","-62073.54","0.00","2026-01-01 23:59:59.000000 UTC"
"C1173340685","108803.98","108803.98","0.00","2026-01-01 23:59:59.000000 UTC"
"C913242382","7322.98","7322.98","0.00","2026-01-01 23:59:59.000000 UTC"
"C475394679","-86204.31","-86204.31","0.00","2026-01-01 23:59:59.000000 UTC"
"C1037475674","-2586.39","-2586.39","0.00","2026-01-01 23:59:59.000000 UTC"
"C567852222","-1987.40","-1987.40","0.00","2026-01-01 23:59:59.000000 UTC"
"C1943855334","-664.35","-664.35","0.00","2026-01-01 23:59:59.000000 UTC"
"C1658020779","-2223.41","-2223.41","0.00","2026-01-01 23:59:59.000000 UTC"
"C79290250","-1393.46","-1393.46","0.00","2026-01-01 23:59:59.000000 UTC"
"C1509309988","-1876.44","-1876.44","0.00","2026-01-01 23:59:59.000000 UTC"
"C833240229","-3584.21","-3584.21","0.00","2026-01-01 23:59:59.000000 UTC"
"C832292933","-3199.06","-3199.06","0.00","2026-01-01 23:59:59.000000 UTC"
"C1280641161","-34729.64","-34729.64","0.00","2026-01-01 23:59:59.000000 UTC"
"C1902801188","-3533.32","-3533.32","0.00","2026-01-01 23:59:59.000000 UTC"
"C1302725372","24936.34","24936.34","0.00","2026-01-01 23:59:59.000000 UTC"
"C840514538","-5885.56","-5885.56","0.00","2026-01-01 23:59:59.000000 UTC"
"C50072771","18851.44","18851.44","0.00","2026-01-01 23:59:59.000000 UTC"
"C929706284","-17851.54","-17851.54","0.00","2026-01-01 23:59:59.000000 UTC"
"C1393828949","-101940.14","-101940.14","0.00","2026-01-01 23:59:59.000000 UTC"
"C494894055","-3791.28","-3791.28","0.00","2026-01-01 23:59:59.000000 UTC"
"C781091365","-11648.50","-11648.50","0.00","2026-01-01 23:59:59.000000 UTC"
"C1087072654","134977.11","134977.11","0.00","2026-01-01 23:59:59.000000 UTC"
"C20804602","-1373.43","-1373.43","0.00","2026-01-01 23:59:59.000000 UTC"
"C1196963249","-312108.51","-312108.51","0.00","2026-01-01 23:59:59.000000 UTC"
"C847320212","-2130.30","-2130.30","0.00","2026-01-01 23:59:59.000000 UTC"
"C1547883191","-6297.71","-6297.71","0.00","2026-01-01 23:59:59.000000 UTC"
"C1130346421","-5580.98","-5580.98","0.00","2026-01-01 23:59:59.000000 UTC"
"C1372422140","-5110.10","-5110.10","0.00","2026-01-01 23:59:59.000000 UTC"
"C501608687","-109732.52","-109732.52","0.00","2026-01-01 23:59:59.000000 UTC"
"C2033524545","-671.64","-671.64","0.00","2026-01-01 23:59:59.000000 UTC"
"C1244867001","-2858.89","-2858.89","0.00","2026-01-01 23:59:59.000000 UTC"
"C1943750504","-5770.32","-5770.32","0.00","2026-01-01 23:59:59.000000 UTC"
"C1711185459","-15918.79","-15918.79","0.00","2026-01-01 23:59:59.000000 UTC"
"C1717433286","380015.14","380015.14","0.00","2026-01-01 23:59:59.000000 UTC"
"C226690498","-3605.26","-3605.26","0.00","2026-01-01 23:59:59.000000 UTC"
"C1003206025","-871.75","-871.75","0.00","2026-01-01 23:59:59.000000 UTC"
"C611289995","-7073.60","-7073.60","0.00","2026-01-01 23:59:59.000000 UTC"
"C628064884","-2946.38","-2946.38","0.00","2026-01-01 23:59:59.000000 UTC"
"C1251897263","-25554.79","-25554.79","0.00","2026-01-01 23:59:59.000000 UTC"
"C843299092","-581294.26","-581294.26","0.00","2026-01-01 23:59:59.000000 UTC"
"C1237762639","-1157.86","-1157.86","0.00","2026-01-01 23:59:59.000000 UTC"
"C2080643905","-8227.30","-8227.30","0.00","2026-01-01 23:59:59.000000 UTC"
"C1153933106","-799483.57","-799483.57","0.00","2026-01-01 23:59:59.000000 UTC"
"C816944408","-2330.64","-2330.64","0.00","2026-01-01 23:59:59.000000 UTC"
"C1992801971","-5842.61","-5842.61","0.00","2026-01-01 23:59:59.000000 UTC"
"C2029754983","21898.97","21898.97","0.00","2026-01-01 23:59:59.000000 UTC"
"C1181545730","-6488.60","-6488.60","0.00","2026-01-01 23:59:59.000000 UTC"
"C181252244","-17150.89","-17150.89","0.00","2026-01-01 23:59:59.000000 UTC"
"C1878413714","-5392.75","-5392.75","0.00","2026-01-01 23:59:59.000000 UTC"
"C1042891691","-45756.23","-45756.23","0.00","2026-01-01 23:59:59.000000 UTC"
"C2066892165","-5853.21","-5853.21","0.00","2026-01-01 23:59:59.000000 UTC"
"C15892131","-36651.07","-36651.07","0.00","2026-01-01 23:59:59.000000 UTC"
"C905080434","-229133.94","-229133.94","0.00","2026-01-01 23:59:59.000000 UTC"
"C144445623","-30331.38","-30331.38","0.00","2026-01-01 23:59:59.000000 UTC"
"C2015301874","-102153.86","-102153.86","0.00","2026-01-01 23:59:59.000000 UTC"
"C460570271","-2641.47","-2641.47","0.00","2026-01-01 23:59:59.000000 UTC"
"C104716441","-2252.44","-2252.44","0.00","2026-01-01 23:59:59.000000 UTC"
"C1543518287","220431.09","220431.09","0.00","2026-01-01 23:59:59.000000 UTC"
"C1389774257","-12401.90","-12401.90","0.00","2026-01-01 23:59:59.000000 UTC"
"C511354923","-53783.57","-53783.57","0.00","2026-01-01 23:59:59.000000 UTC"
"C1166106620","-1175.59","-1175.59","0.00","2026-01-01 23:59:59.000000 UTC"
"C2114629072","-419757.69","-419757.69","0.00","2026-01-01 23:59:59.000000 UTC"
"C577127077","-7659.86","-7659.86","0.00","2026-01-01 23:59:59.000000 UTC"
"C453671855","-2168.80","-2168.80","0.00","2026-01-01 23:59:59.000000 UTC"
"C500230084","-7797.00","-7797.00","0.00","2026-01-01 23:59:59.000000 UTC"
"C1004430079","-1617.90","-1617.90","0.00","2026-01-01 23:59:59.000000 UTC"
"C1800693087","-4040.84","-4040.84","0.00","2026-01-01 23:59:59.000000 UTC"
"C1187779195","-9499.40","-9499.40","0.00","2026-01-01 23:59:59.000000 UTC"
"C2048537720","-11668.14","-11668.14","0.00","2026-01-01 23:59:59.000000 UTC"
"C61137731","94726.64","94726.64","0.00","2026-01-01 23:59:59.000000 UTC"
"C1027569178","-885.90","-885.90","0.00","2026-01-01 23:59:59.000000 UTC"
"C1527882132","-14895.51","-14895.51","0.00","2026-01-01 23:59:59.000000 UTC"
"C1021565761","-16631.14","-16631.14","0.00","2026-01-01 23:59:59.000000 UTC"
"C896138248","-2057.71","-2057.71","0.00","2026-01-01 23:59:59.000000 UTC"
"C1182311147","-3179.70","-3179.70","0.00","2026-01-01 23:59:59.000000 UTC"
"C1207231495","-5154.97","-5154.97","0.00","2026-01-01 23:59:59.000000 UTC"
"C713898436","55837.16","55837.16","0.00","2026-01-01 23:59:59.000000 UTC"
"C500885941","-4111.34","-4111.34","0.00","2026-01-01 23:59:59.000000 UTC"
"C1572745406","-2063.77","-2063.77","0.00","2026-01-01 23:59:59.000000 UTC"
"C1052768296","-132574.00","-132574.00","0.00","2026-01-01 23:59:59.000000 UTC"
"C278476563","-5882.32","-5882.32","0.00","2026-01-01 23:59:59.000000 UTC"
"C697508322","-184986.80","-184986.80","0.00","2026-01-01 23:59:59.000000 UTC"
"C1088491512","198847.32","198847.32","0.00","2026-01-01 23:59:59.000000 UTC"
"C1429483328","-1460.63","-1460.63","0.00","2026-01-01 23:59:59.000000 UTC"
"C2054451662","-1006.76","-1006.76","0.00","2026-01-01 23:59:59.000000 UTC"
"C1037163664","232953.64","232953.64","0.00","2026-01-01 23:59:59.000000 UTC"
"C1605988985","-3238.39","-3238.39","0.00","2026-01-01 23:59:59.000000 UTC"
"C1278616846","-117023.79","-117023.79","0.00","2026-01-01 23:59:59.000000 UTC"
"C1045731788","259753.27","259753.27","0.00","2026-01-01 23:59:59.000000 UTC"
"C691863815","-5363.00","-5363.00","0.00","2026-01-01 23:59:59.000000 UTC"
"C212963786","277807.48","277807.48","0.00","2026-01-01 23:59:59.000000 UTC"
"C2100771791","-4170.82","-4170.82","0.00","2026-01-01 23:59:59.000000 UTC"
"C747870628","-25674.03","-25674.03","0.00","2026-01-01 23:59:59.000000 UTC"
"C1048712791","-9753.55","-9753.55","0.00","2026-01-01 23:59:59.000000 UTC"
"C600958416","-365.00","-365.00","0.00","2026-01-01 23:59:59.000000 UTC"
"C1642973315","-2272.54","-2272.54","0.00","2026-01-01 23:59:59.000000 UTC"
"C97901029","-9191.46","-9191.46","0.00","2026-01-01 23:59:59.000000 UTC"
"C98351968","-209370.56","-209370.56","0.00","2026-01-01 23:59:59.000000 UTC"
"C1650955365","-9104.26","-9104.26","0.00","2026-01-01 23:59:59.000000 UTC"
"C822232612","-3644.12","-3644.12","0.00","2026-01-01 23:59:59.000000 UTC"
"C421191743","-63830.49","-63830.49","0.00","2026-01-01 23:59:59.000000 UTC"
"C1843743552","-9181.99","-9181.99","0.00","2026-01-01 23:59:59.000000 UTC"
"C885910946","-2599.46","-2599.46","0.00","2026-01-01 23:59:59.000000 UTC"
"C720770771","-708.82","-708.82","0.00","2026-01-01 23:59:59.000000 UTC"
"C820878444","-1576.78","-1576.78","0.00","2026-01-01 23:59:59.000000 UTC"
"C1540894701","-211075.91","-211075.91","0.00","2026-01-01 23:59:59.000000 UTC"
"C1632789609","-3292.21","-3292.21","0.00","2026-01-01 23:59:59.000000 UTC"
"C1636178473","-251241.14","-251241.14","0.00","2026-01-01 23:59:59.000000 UTC"
"C628392976","15054.61","15054.61","0.00","2026-01-01 23:59:59.000000 UTC"
"C1629353699","-829.07","-829.07","0.00","2026-01-01 23:59:59.000000 UTC"
"C1198197478","-473499.51","-473499.51","0.00","2026-01-01 23:59:59.000000 UTC"
"C1672598778","235564.81","235564.81","0.00","2026-01-01 23:59:59.000000 UTC"
"C194107588","-2245.62","-2245.62","0.00","2026-01-01 23:59:59.000000 UTC"
"C201677908","-480222.51","-480222.51","0.00","2026-01-01 23:59:59.000000 UTC"
"C264978436","-187728.59","-187728.59","0.00","2026-01-01 23:59:59.000000 UTC"
"C409565350","-2358.63","-2358.63","0.00","2026-01-01 23:59:59.000000 UTC"
"C40875560","-141111.15","-141111.15","0.00","2026-01-01 23:59:59.000000 UTC"
"C191310504","-1231.79","-1231.79","0.00","2026-01-01 23:59:59.000000 UTC"
"C375074687","-33269.25","-33269.25","0.00","2026-01-01 23:59:59.000000 UTC"
"C1557989809","-252908.87","-252908.87","0.00","2026-01-01 23:59:59.000000 UTC"
"C2054757222","-18437.04","-18437.04","0.00","2026-01-01 23:59:59.000000 UTC"
"C1887699190","-2278.19","-2278.19","0.00","2026-01-01 23:59:59.000000 UTC"
"C635611994","-3608.41","-3608.41","0.00","2026-01-01 23:59:59.000000 UTC"
"C12905860","-147543.10","-147543.10","0.00","2026-01-01 23:59:59.000000 UTC"
"C1572127577","-19741.22","-19741.22","0.00","2026-01-01 23:59:59.000000 UTC"
"C1191864687","-244361.81","-244361.81","0.00","2026-01-01 23:59:59.000000 UTC"
"C1321115948","-1193410.46","-1193410.46","0.00","2026-01-01 23:59:59.000000 UTC"
"C1324173038","-2075.94","-2075.94","0.00","2026-01-01 23:59:59.000000 UTC"
"C191568263","-2773.61","-2773.61","0.00","2026-01-01 23:59:59.000000 UTC"
"C1641672672","-7257.70","-7257.70","0.00","2026-01-01 23:59:59.000000 UTC"
"C865858182","106727.81","106727.81","0.00","2026-01-01 23:59:59.000000 UTC"
"C1302877661","-1532.35","-1532.35","0.00","2026-01-01 23:59:59.000000 UTC"
"C2123533871","222711.47","222711.47","0.00","2026-01-01 23:59:59.000000 UTC"
"C1431556341","-51121.05","-51121.05","0.00","2026-01-01 23:59:59.000000 UTC"
"C1264754451","-5880.33","-5880.33","0.00","2026-01-01 23:59:59.000000 UTC"
"C1129869771","-7649.41","-7649.41","0.00","2026-01-01 23:59:59.000000 UTC"
"C52451302","-10059.70","-10059.70","0.00","2026-01-01 23:59:59.000000 UTC"
"C1494277749","-18561.23","-18561.23","0.00","2026-01-01 23:59:59.000000 UTC"
"C785625589","-5184.90","-5184.90","0.00","2026-01-01 23:59:59.000000 UTC"
"C15477956","-3930.81","-3930.81","0.00","2026-01-01 23:59:59.000000 UTC"
"C237297104","-2644.63","-2644.63","0.00","2026-01-01 23:59:59.000000 UTC"
"C1579132337","-3580.26","-3580.26","0.00","2026-01-01 23:59:59.000000 UTC"
"C68195659","-8901.32","-8901.32","0.00","2026-01-01 23:59:59.000000 UTC"
"C2142893855","-9864.23","-9864.23","0.00","2026-01-01 23:59:59.000000 UTC"
"C1288108586","-207.75","-207.75","0.00","2026-01-01 23:59:59.000000 UTC"
"C259251414","-21530.96","-21530.96","0.00","2026-01-01 23:59:59.000000 UTC"
"C2032909428","221693.08","221693.08","0.00","2026-01-01 23:59:59.000000 UTC"
"C547923534","123103.74","123103.74","0.00","2026-01-01 23:59:59.000000 UTC"
"C2075568954","-6675.34","-6675.34","0.00","2026-01-01 23:59:59.000000 UTC"
"C1157943921","120234.99","120234.99","0.00","2026-01-01 23:59:59.000000 UTC"
"C2101527076","-2806.00","-2806.00","0.00","2026-01-01 23:59:59.000000 UTC"
"C1717473929","-6490.17","-6490.17","0.00","2026-01-01 23:59:59.000000 UTC"
"C1401295795","-5334.81","-5334.81","0.00","2026-01-01 23:59:59.000000 UTC"
"C577734751","-598782.65","-598782.65","0.00","2026-01-01 23:59:59.000000 UTC"
"C1957078537","-498960.91","-498960.91","0.00","2026-01-01 23:59:59.000000 UTC"
"C593447952","-483544.30","-483544.30","0.00","2026-01-01 23:59:59.000000 UTC"
"C2111882926","-502.61","-502.61","0.00","2026-01-01 23:59:59.000000 UTC"
"C198098993","-4227.19","-4227.19","0.00","2026-01-01 23:59:59.000000 UTC"
"C54960993","-4355.66","-4355.66","0.00","2026-01-01 23:59:59.000000 UTC"
"C732597634","-2167.26","-2167.26","0.00","2026-01-01 23:59:59.000000 UTC"
"C1396385390","-131991.26","-131991.26","0.00","2026-01-01 23:59:59.000000 UTC"
"C1217312754","-648.64","-648.64","0.00","2026-01-01 23:59:59.000000 UTC"
"C594651850","-215338.28","-215338.28","0.00","2026-01-01 23:59:59.000000 UTC"
"C1594039997","-9796.29","-9796.29","0.00","2026-01-01 23:59:59.000000 UTC"
"C295640874","-123797.10","-123797.10","0.00","2026-01-01 23:59:59.000000 UTC"
"C1793899405","106847.36","106847.36","0.00","2026-01-01 23:59:59.000000 UTC"
"C328197868","-3545.37","-3545.37","0.00","2026-01-01 23:59:59.000000 UTC"
"C1324262781","-6548.43","-6548.43","0.00","2026-01-01 23:59:59.000000 UTC"
"C1768242710","-5307.88","-5307.88","0.00","2026-01-01 23:59:59.000000 UTC"
"C1458091526","-323105.08","-323105.08","0.00","2026-01-01 23:59:59.000000 UTC"
"C1434066477","155075.41","155075.41","0.00","2026-01-01 23:59:59.000000 UTC"
"C1447353473","-123179.97","-123179.97","0.00","2026-01-01 23:59:59.000000 UTC"
"C1279740095","-410201.89","-410201.89","0.00","2026-01-01 23:59:59.000000 UTC"
"C50720817","-51627.39","-51627.39","0.00","2026-01-01 23:59:59.000000 UTC"
"C2007486296","-55105.90","-55105.90","0.00","2026-01-01 23:59:59.000000 UTC"
"C2029780820","-983479.66","-983479.66","0.00","2026-01-01 23:59:59.000000 UTC"
"C2125470482","-8356.44","-8356.44","0.00","2026-01-01 23:59:59.000000 UTC"
"C1544078442","-12121.50","-12121.50","0.00","2026-01-01 23:59:59.000000 UTC"
"C1231006815","-9839.64","-9839.64","0.00","2026-01-01 23:59:59.000000 UTC"
"C1556867940","-209711.11","-209711.11","0.00","2026-01-01 23:59:59.000000 UTC"
"C207546206","-1445.06","-1445.06","0.00","2026-01-01 23:59:59.000000 UTC"
"C1617174216","147388.67","147388.67","0.00","2026-01-01 23:59:59.000000 UTC"
"C559050604","-10891.96","-10891.96","0.00","2026-01-01 23:59:59.000000 UTC"
"C1348115836","100198.77","100198.77","0.00","2026-01-01 23:59:59.000000 UTC"
"C1624351535","-3854.92","-3854.92","0.00","2026-01-01 23:59:59.000000 UTC"
"C431164562","159334.62","159334.62","0.00","2026-01-01 23:59:59.000000 UTC"
"C1912850431","-7861.64","-7861.64","0.00","2026-01-01 23:59:59.000000 UTC"
"C82825098","-7079.24","-7079.24","0.00","2026-01-01 23:59:59.000000 UTC"
"C1717739363","-10497.33","-10497.33","0.00","2026-01-01 23:59:59.000000 UTC"
"C2061226112","-1091.54","-1091.54","0.00","2026-01-01 23:59:59.000000 UTC"
"C1108706191","-114057.61","-114057.61","0.00","2026-01-01 23:59:59.000000 UTC"
"C211973922","-9549.70","-9549.70","0.00","2026-01-01 23:59:59.000000 UTC"
"C209360730","-7546.88","-7546.88","0.00","2026-01-01 23:59:59.000000 UTC"
"C789982400","-12256.66","-12256.66","0.00","2026-01-01 23:59:59.000000 UTC"
"C912966811","-1614.64","-1614.64","0.00","2026-01-01 23:59:59.000000 UTC"
"C1906947271","-569068.84","-569068.84","0.00","2026-01-01 23:59:59.000000 UTC"
"C1917562344","-9361.47","-9361.47","0.00","2026-01-01 23:59:59.000000 UTC"
"C99770475","-114499.14","-114499.14","0.00","2026-01-01 23:59:59.000000 UTC"
"C2024711353","-134143.27","-134143.27","0.00","2026-01-01 23:59:59.000000 UTC"
"C2083854344","-2937.34","-2937.34","0.00","2026-01-01 23:59:59.000000 UTC"
"C1174586025","-73513.50","-73513.50","0.00","2026-01-01 23:59:59.000000 UTC"
"C1556520190","-2869.65","-2869.65","0.00","2026-01-01 23:59:59.000000 UTC"
"C48305285","-2528.10","-2528.10","0.00","2026-01-01 23:59:59.000000 UTC"
"C739264372","-287265.38","-287265.38","0.00","2026-01-01 23:59:59.000000 UTC"
"C848097505","403418.39","403418.39","0.00","2026-01-01 23:59:59.000000 UTC"
"C1767230265","-8364.73","-8364.73","0.00","2026-01-01 23:59:59.000000 UTC"
"C1492875057","-5237.54","-5237.54","0.00","2026-01-01 23:59:59.000000 UTC"
"C1890287843","-593.40","-593.40","0.00","2026-01-01 23:59:59.000000 UTC"
"C1338905451","-467177.03","-467177.03","0.00","2026-01-01 23:59:59.000000 UTC"
"C1574509514","2643.45","2643.45","0.00","2026-01-01 23:59:59.000000 UTC"
"C1464177809","-1478772.04","-1478772.04","0.00","2026-01-01 23:59:59.000000 UTC"
"C1167088639","-3704.97","-3704.97","0.00","2026-01-01 23:59:59.000000 UTC"
"C1443675930","88626.65","88626.65","0.00","2026-01-01 23:59:59.000000 UTC"
"C977160959","-438437.09","-438437.09","0.00","2026-01-01 23:59:59.000000 UTC"
"C1746570062","-4493.29","-4493.29","0.00","2026-01-01 23:59:59.000000 UTC"
"C1373949107","-7641.08","-7641.08","0.00","2026-01-01 23:59:59.000000 UTC"
"C671596011","-3705.83","-3705.83","0.00","2026-01-01 23:59:59.000000 UTC"
"C1768127248","-213922.13","-213922.13","0.00","2026-01-01 23:59:59.000000 UTC"
"C855700733","-82685.93","-82685.93","0.00","2026-01-01 23:59:59.000000 UTC"
"C593768538","-161613.93","-161613.93","0.00","2026-01-01 23:59:59.000000 UTC"
"C1260440107","73199.10","73199.10","0.00","2026-01-01 23:59:59.000000 UTC"
"C2007599722","-2061082.82","-2061082.82","0.00","2026-01-01 23:59:59.000000 UTC"
"C1556461159","-310157.55","-310157.55","0.00","2026-01-01 23:59:59.000000 UTC"
"C702500163","134426.08","134426.08","0.00","2026-01-01 23:59:59.000000 UTC"
"C2000648320","-8348.10","-8348.10","0.00","2026-01-01 23:59:59.000000 UTC"
"C1202220987","-7870.29","-7870.29","0.00","2026-01-01 23:59:59.000000 UTC"
"C1761217448","-3020.86","-3020.86","0.00","2026-01-01 23:59:59.000000 UTC"
"C967323951","-3372.29","-3372.29","0.00","2026-01-01 23:59:59.000000 UTC"
"C1615801298","-2204.04","-2204.04","0.00","2026-01-01 23:59:59.000000 UTC"
"C599782425","-114712.48","-114712.48","0.00","2026-01-01 23:59:59.000000 UTC"
"C192428201","-3455.85","-3455.85","0.00","2026-01-01 23:59:59.000000 UTC"
"C403547747","-112086.81","-112086.81","0.00","2026-01-01 23:59:59.000000 UTC"
"C2031377754","206097.65","206097.65","0.00","2026-01-01 23:59:59.000000 UTC"
"C1064905627","87117.29","87117.29","0.00","2026-01-01 23:59:59.000000 UTC"
"C192456457","273305.73","273305.73","0.00","2026-01-01 23:59:59.000000 UTC"
"C883521348","-7813.63","-7813.63","0.00","2026-01-01 23:59:59.000000 UTC"
"C745627268","-1683.95","-1683.95","0.00","2026-01-01 23:59:59.000000 UTC"
"C312168418","289272.75","289272.75","0.00","2026-01-01 23:59:59.000000 UTC"
"C1968552224","-66225.76","-66225.76","0.00","2026-01-01 23:59:59.000000 UTC"
"C1967496309","355500.25","355500.25","0.00","2026-01-01 23:59:59.000000 UTC"
"C1057507014","-2545478.01","-2545478.01","0.00","2026-01-01 23:59:59.000000 UTC"
"C1917784974","-6443.58","-6443.58","0.00","2026-01-01 23:59:59.000000 UTC"
"C1865219266","-4391.44","-4391.44","0.00","2026-01-01 23:59:59.000000 UTC"
"C1807894765","-1193.24","-1193.24","0.00","2026-01-01 23:59:59.000000 UTC"
"C1810518740","-106.81","-106.81","0.00","2026-01-01 23:59:59.000000 UTC"
"C94830685","-955855.00","-955855.00","0.00","2026-01-01 23:59:59.000000 UTC"
"C1523084197","-107308.84","-107308.84","0.00","2026-01-01 23:59:59.000000 UTC"
"C1141113940","-57794.61","-57794.61","0.00","2026-01-01 23:59:59.000000 UTC"
"C1394010463","-227478.01","-227478.01","0.00","2026-01-01 23:59:59.000000 UTC"
"C2143739483","201073.81","201073.81","0.00","2026-01-01 23:59:59.000000 UTC"
"C1920305914","104605.78","104605.78","0.00","2026-01-01 23:59:59.000000 UTC"
"C1847431070","15152.15","15152.15","0.00","2026-01-01 23:59:59.000000 UTC"
"C1788380050","-92553.64","-92553.64","0.00","2026-01-01 23:59:59.000000 UTC"
"C632475595","63255.29","63255.29","0.00","2026-01-01 23:59:59.000000 UTC"
"C1731295355","-7342.63","-7342.63","0.00","2026-01-01 23:59:59.000000 UTC"
"C647973805","194311.34","194311.34","0.00","2026-01-01 23:59:59.000000 UTC"
"C425015667","-12872.92","-12872.92","0.00","2026-01-01 23:59:59.000000 UTC"
"C1171255580","-16505.51","-16505.51","0.00","2026-01-01 23:59:59.000000 UTC"
"C1730337646","-15.06","-15.06","0.00","2026-01-01 23:59:59.000000 UTC"
"C2103763750","-3448.92","-3448.92","0.00","2026-01-01 23:59:59.000000 UTC"
"C908384914","-4306.89","-4306.89","0.00","2026-01-01 23:59:59.000000 UTC"
"C367967231","206405.92","206405.92","0.00","2026-01-01 23:59:59.000000 UTC"
"C1543146693","-9762.28","-9762.28","0.00","2026-01-01 23:59:59.000000 UTC"
"C1648700617","-324397.94","-324397.94","0.00","2026-01-01 23:59:59.000000 UTC"
"C20156341","-4059.38","-4059.38","0.00","2026-01-01 23:59:59.000000 UTC"
"C1828508781","10844.33","10844.33","0.00","2026-01-01 23:59:59.000000 UTC"
"C1089930529","-5320.10","-5320.10","0.00","2026-01-01 23:59:59.000000 UTC"
"C1602167682","-427175.03","-427175.03","0.00","2026-01-01 23:59:59.000000 UTC"
"C1523649562","414238.59","414238.59","0.00","2026-01-01 23:59:59.000000 UTC"
"C1061448687","371883.82","371883.82","0.00","2026-01-01 23:59:59.000000 UTC"
"C626193099","-39485.21","-39485.21","0.00","2026-01-01 23:59:59.000000 UTC"
"C95685867","-9374.72","-9374.72","0.00","2026-01-01 23:59:59.000000 UTC"
"C598357562","-5086.48","-5086.48","0.00","2026-01-01 23:59:59.000000 UTC"
"C369805307","-8531.42","-8531.42","0.00","2026-01-01 23:59:59.000000 UTC"
"C1047934137","-373068.26","-373068.26","0.00","2026-01-01 23:59:59.000000 UTC"
"C1374217958","-172986.70","-172986.70","0.00","2026-01-01 23:59:59.000000 UTC"
"C49318987","-2284.54","-2284.54","0.00","2026-01-01 23:59:59.000000 UTC"
"C402808045","-75442.68","-75442.68","0.00","2026-01-01 23:59:59.000000 UTC"
"C999647352","-4531.55","-4531.55","0.00","2026-01-01 23:59:59.000000 UTC"
"C879311295","-4804.68","-4804.68","0.00","2026-01-01 23:59:59.000000 UTC"
"C923083575","-3146.16","-3146.16","0.00","2026-01-01 23:59:59.000000 UTC"
"C605982374","-11996.58","-11996.58","0.00","2026-01-01 23:59:59.000000 UTC"
"C2082509879","146331.12","146331.12","0.00","2026-01-01 23:59:59.000000 UTC"
"C365625031","152823.85","152823.85","0.00","2026-01-01 23:59:59.000000 UTC"
"C2014563089","-88987.11","-88987.11","0.00","2026-01-01 23:59:59.000000 UTC"
"C1387620926","-6606.31","-6606.31","0.00","2026-01-01 23:59:59.000000 UTC"
"C793293778","-344464.40","-344464.40","0.00","2026-01-01 23:59:59.000000 UTC"
"C2075372030","-8354.27","-8354.27","0.00","2026-01-01 23:59:59.000000 UTC"
"C105751207","-197186.52","-197186.52","0.00","2026-01-01 23:59:59.000000 UTC"
"C216376974","-13758.63","-13758.63","0.00","2026-01-01 23:59:59.000000 UTC"
"C280615803","-4510.22","-4510.22","0.00","2026-01-01 23:59:59.000000 UTC"
"C983767354","-47564.74","-47564.74","0.00","2026-01-01 23:59:59.000000 UTC"
"C1265012928","-4024.36","-4024.36","0.00","2026-01-01 23:59:59.000000 UTC"
"C609483101","21255.80","21255.80","0.00","2026-01-01 23:59:59.000000 UTC"
"C746280996","-26759.05","-26759.05","0.00","2026-01-01 23:59:59.000000 UTC"
"C343345308","-38.66","-38.66","0.00","2026-01-01 23:59:59.000000 UTC"
"C1423768154","-4316.20","-4316.20","0.00","2026-01-01 23:59:59.000000 UTC"
"C872522004","-372.34","-372.34","0.00","2026-01-01 23:59:59.000000 UTC"
"C1155769010","-1341.58","-1341.58","0.00","2026-01-01 23:59:59.000000 UTC"
"C1950136544","-326349.91","-326349.91","0.00","2026-01-01 23:59:59.000000 UTC"
"C1107579932","-152757.58","-152757.58","0.00","2026-01-01 23:59:59.000000 UTC"
"C32393008","-5485.04","-5485.04","0.00","2026-01-01 23:59:59.000000 UTC"
"C1325866488","81694.11","81694.11","0.00","2026-01-01 23:59:59.000000 UTC"
"C1440738283","-5281.48","-5281.48","0.00","2026-01-01 23:59:59.000000 UTC"
"C1631227617","-78292.91","-78292.91","0.00","2026-01-01 23:59:59.000000 UTC"
"C582300198","-420532.33","-420532.33","0.00","2026-01-01 23:59:59.000000 UTC"
"C908722588","-6495.27","-6495.27","0.00","2026-01-01 23:59:59.000000 UTC"
"C1043639521","39249.67","39249.67","0.00","2026-01-01 23:59:59.000000 UTC"
"C288306765","-367768.40","-367768.40","0.00","2026-01-01 23:59:59.000000 UTC"
"C1342374939","-2644.54","-2644.54","0.00","2026-01-01 23:59:59.000000 UTC"
"C1614133563","228451.89","228451.89","0.00","2026-01-01 23:59:59.000000 UTC"
"C1688782916","-9456.69","-9456.69","0.00","2026-01-01 23:59:59.000000 UTC"
"C798278875","-2466.95","-2466.95","0.00","2026-01-01 23:59:59.000000 UTC"
"C1591161296","338964.91","338964.91","0.00","2026-01-01 23:59:59.000000 UTC"
"C1824322115","143148.97","143148.97","0.00","2026-01-01 23:59:59.000000 UTC"
"C263053820","-75405.10","-75405.10","0.00","2026-01-01 23:59:59.000000 UTC"
"C141110631","-47913.58","-47913.58","0.00","2026-01-01 23:59:59.000000 UTC"
"C691691381","-338767.10","-338767.10","0.00","2026-01-01 23:59:59.000000 UTC"
"C1740826931","-50101.88","-50101.88","0.00","2026-01-01 23:59:59.000000 UTC"
"C1379207867","-5170.23","-5170.23","0.00","2026-01-01 23:59:59.000000 UTC"
"C537536188","-33782.98","-33782.98","0.00","2026-01-01 23:59:59.000000 UTC"
"C1049590050","-18288.91","-18288.91","0.00","2026-01-01 23:59:59.000000 UTC"
"C355885103","-1867849.02","-1867849.02","0.00","2026-01-01 23:59:59.000000 UTC"
"C1541046463","-34629.16","-34629.16","0.00","2026-01-01 23:59:59.000000 UTC"
"C1262237002","246816.65","246816.65","0.00","2026-01-01 23:59:59.000000 UTC"
"C1563053805","-928722.69","-928722.69","0.00","2026-01-01 23:59:59.000000 UTC"
"C1457226878","-363482.02","-363482.02","0.00","2026-01-01 23:59:59.000000 UTC"
"C1376017854","-2054.84","-2054.84","0.00","2026-01-01 23:59:59.000000 UTC"
"C1514214932","-691738.36","-691738.36","0.00","2026-01-01 23:59:59.000000 UTC"
"C923341586","-2791.42","-2791.42","0.00","2026-01-01 23:59:59.000000 UTC"
"C815336475","188238.54","188238.54","0.00","2026-01-01 23:59:59.000000 UTC"
"C1746257394","-3269.72","-3269.72","0.00","2026-01-01 23:59:59.000000 UTC"
"C283039401","-42712.39","-42712.39","0.00","2026-01-01 23:59:59.000000 UTC"
"C665137804","-5843.75","-5843.75","0.00","2026-01-01 23:59:59.000000 UTC"
"C726212590","-377520.94","-377520.94","0.00","2026-01-01 23:59:59.000000 UTC"
"C1177072083","-682894.68","-682894.68","0.00","2026-01-01 23:59:59.000000 UTC"
"C1659515968","-51719.13","-51719.13","0.00","2026-01-01 23:59:59.000000 UTC"
"C1955990522","-5149.66","-5149.66","0.00","2026-01-01 23:59:59.000000 UTC"
"C1966670937","132953.45","132953.45","0.00","2026-01-01 23:59:59.000000 UTC"
"C1349025531","-5800.85","-5800.85","0.00","2026-01-01 23:59:59.000000 UTC"
"C71802912","-2998.04","-2998.04","0.00","2026-01-01 23:59:59.000000 UTC"
"C354605216","-11348.71","-11348.71","0.00","2026-01-01 23:59:59.000000 UTC"
"C1716932897","-11633.76","-11633.76","0.00","2026-01-01 23:59:59.000000 UTC"
"C24039137","-562903.81","-562903.81","0.00","2026-01-01 23:59:59.000000 UTC"
"C247515192","-3380.10","-3380.10","0.00","2026-01-01 23:59:59.000000 UTC"
"C1055601039","-180368.84","-180368.84","0.00","2026-01-01 23:59:59.000000 UTC"
"C817689537","186838.95","186838.95","0.00","2026-01-01 23:59:59.000000 UTC"
"C635610193","57809.81","57809.81","0.00","2026-01-01 23:59:59.000000 UTC"
"C1136005694","-2148.89","-2148.89","0.00","2026-01-01 23:59:59.000000 UTC"
"C768216420","-110414.71","-110414.71","0.00","2026-01-01 23:59:59.000000 UTC"
"C1195542839","-2713.67","-2713.67","0.00","2026-01-01 23:59:59.000000 UTC"
"C1504321715","-4518.42","-4518.42","0.00","2026-01-01 23:59:59.000000 UTC"
"C1328323494","-622.15","-622.15","0.00","2026-01-01 23:59:59.000000 UTC"
"C752011518","-600581.61","-600581.61","0.00","2026-01-01 23:59:59.000000 UTC"
"C1814908102","0.00","-5947.80","-5947.80","2026-01-01 23:59:59.000000 UTC"
"C1927963027","-522264.81","-522264.81","0.00","2026-01-01 23:59:59.000000 UTC"
"C417797183","-5270.72","-5270.72","0.00","2026-01-01 23:59:59.000000 UTC"
"C925150995","-29784.06","-29784.06","0.00","2026-01-01 23:59:59.000000 UTC"
"C1907241392","-213490.87","-213490.87","0.00","2026-01-01 23:59:59.000000 UTC"
"C641882263","27070.11","27070.11","0.00","2026-01-01 23:59:59.000000 UTC"
"C1262869688","-5443.26","-5443.26","0.00","2026-01-01 23:59:59.000000 UTC"
"C1410367298","-4651.67","-4651.67","0.00","2026-01-01 23:59:59.000000 UTC"
"C207471778","-77957.68","-77957.68","0.00","2026-01-01 23:59:59.000000 UTC"
"C194415222","46630.53","46630.53","0.00","2026-01-01 23:59:59.000000 UTC"
"C980364771","-154716.20","-154716.20","0.00","2026-01-01 23:59:59.000000 UTC"
"C837246227","62983.91","62983.91","0.00","2026-01-01 23:59:59.000000 UTC"
"C1648582256","148834.28","148834.28","0.00","2026-01-01 23:59:59.000000 UTC"
"C2072130509","114271.72","114271.72","0.00","2026-01-01 23:59:59.000000 UTC"
"C970781872","-21008.52","-21008.52","0.00","2026-01-01 23:59:59.000000 UTC"
"C1651754404","-3418.07","-3418.07","0.00","2026-01-01 23:59:59.000000 UTC"
"C294658299","-893.57","-893.57","0.00","2026-01-01 23:59:59.000000 UTC"
"C332365138","-55536.86","-55536.86","0.00","2026-01-01 23:59:59.000000 UTC"
"C348132918","-8690.69","-8690.69","0.00","2026-01-01 23:59:59.000000 UTC"
"C2031927175","-9738.95","-9738.95","0.00","2026-01-01 23:59:59.000000 UTC"
"C615954678","-625.92","-625.92","0.00","2026-01-01 23:59:59.000000 UTC"
"C247162961","-83857.23","-83857.23","0.00","2026-01-01 23:59:59.000000 UTC"
"C438151297","-8233.25","-8233.25","0.00","2026-01-01 23:59:59.000000 UTC"
"C1856093404","-8092.10","-8092.10","0.00","2026-01-01 23:59:59.000000 UTC"
"C1645624121","7965.49","7965.49","0.00","2026-01-01 23:59:59.000000 UTC"
"C95322593","-3390.74","-3390.74","0.00","2026-01-01 23:59:59.000000 UTC"
"C103787801","-266.88","-266.88","0.00","2026-01-01 23:59:59.000000 UTC"
"C2120063568","-36437.06","-36437.06","0.00","2026-01-01 23:59:59.000000 UTC"
"C2143571436","-10040.52","-10040.52","0.00","2026-01-01 23:59:59.000000 UTC"
"C812143047","-6049.09","-6049.09","0.00","2026-01-01 23:59:59.000000 UTC"
"C1990421361","-166817.98","-166817.98","0.00","2026-01-01 23:59:59.000000 UTC"
"C2086068243","-360.13","-360.13","0.00","2026-01-01 23:59:59.000000 UTC"
"C2023917549","-2231.28","-2231.28","0.00","2026-01-01 23:59:59.000000 UTC"
"C532677950","-5809.78","-5809.78","0.00","2026-01-01 23:59:59.000000 UTC"
"C67620673","-6765.12","-6765.12","0.00","2026-01-01 23:59:59.000000 UTC"
"C260084831","-7823.46","-7823.46","0.00","2026-01-01 23:59:59.000000 UTC"
"C1429616542","-51749.94","-51749.94","0.00","2026-01-01 23:59:59.000000 UTC"
"C1910896157","-94296.25","-94296.25","0.00","2026-01-01 23:59:59.000000 UTC"
"C464649704","314134.01","314134.01","0.00","2026-01-01 23:59:59.000000 UTC"
"C1739267143","234094.24","234094.24","0.00","2026-01-01 23:59:59.000000 UTC"
"C1467515503","71275.47","71275.47","0.00","2026-01-01 23:59:59.000000 UTC"
"C2078641942","-7067.90","-7067.90","0.00","2026-01-01 23:59:59.000000 UTC"
"C106297322","-2421578.09","-2421578.09","0.00","2026-01-01 23:59:59.000000 UTC"
"C951988316","223123.71","223123.71","0.00","2026-01-01 23:59:59.000000 UTC"
"C1928621590","-15266.05","-15266.05","0.00","2026-01-01 23:59:59.000000 UTC"
"C1502668485","-3825.39","-3825.39","0.00","2026-01-01 23:59:59.000000 UTC"
"C201274566","-4565.14","-4565.14","0.00","2026-01-01 23:59:59.000000 UTC"
"C269892014","-44443.08","-44443.08","0.00","2026-01-01 23:59:59.000000 UTC"
"C2083217543","-5936.82","-5936.82","0.00","2026-01-01 23:59:59.000000 UTC"
"C637091966","-221654.28","-221654.28","0.00","2026-01-01 23:59:59.000000 UTC"
"C2092709730","-139054.95","-139054.95","0.00","2026-01-01 23:59:59.000000 UTC"
"C1930903395","-5946.79","-5946.79","0.00","2026-01-01 23:59:59.000000 UTC"
"C1846982837","-637161.00","-637161.00","0.00","2026-01-01 23:59:59.000000 UTC"
"C1454171136","35502.25","35502.25","0.00","2026-01-01 23:59:59.000000 UTC"
"C443491171","-8553.73","-8553.73","0.00","2026-01-01 23:59:59.000000 UTC"
"C1267042315","-607616.73","-607616.73","0.00","2026-01-01 23:59:59.000000 UTC"
"C1264941544","-6523.19","-6523.19","0.00","2026-01-01 23:59:59.000000 UTC"
"C361380654","-3671.32","-3671.32","0.00","2026-01-01 23:59:59.000000 UTC"
"C913065088","-91379.93","-91379.93","0.00","2026-01-01 23:59:59.000000 UTC"
"C743648472","-661.43","-661.43","0.00","2026-01-01 23:59:59.000000 UTC"
"C989126847","-5430.64","-5430.64","0.00","2026-01-01 23:59:59.000000 UTC"
"C2116179210","-848231.57","-848231.57","0.00","2026-01-01 23:59:59.000000 UTC"
"C178604517","151862.38","151862.38","0.00","2026-01-01 23:59:59.000000 UTC"
"C1470868839","-7413.54","-7413.54","0.00","2026-01-01 23:59:59.000000 UTC"
"C1822434669","-63807.17","-63807.17","0.00","2026-01-01 23:59:59.000000 UTC"
"C890160158","-4347.78","-4347.78","0.00","2026-01-01 23:59:59.000000 UTC"
"C855547146","-4008.01","-4008.01","0.00","2026-01-01 23:59:59.000000 UTC"
"C1469907228","-4322.17","-4322.17","0.00","2026-01-01 23:59:59.000000 UTC"
"C864326906","6284.18","6284.18","0.00","2026-01-01 23:59:59.000000 UTC"
"C38603201","-8.73","-8.73","0.00","2026-01-01 23:59:59.000000 UTC"
"C1494346128","-330757.04","-330757.04","0.00","2026-01-01 23:59:59.000000 UTC"
"C1076202543","-431381.17","-431381.17","0.00","2026-01-01 23:59:59.000000 UTC"
"C1985028494","-282.42","-282.42","0.00","2026-01-01 23:59:59.000000 UTC"
"C1673916398","-171757.76","-171757.76","0.00","2026-01-01 23:59:59.000000 UTC"
"C894421232","-1117.34","-1117.34","0.00","2026-01-01 23:59:59.000000 UTC"
"C1548946718","-993.46","-993.46","0.00","2026-01-01 23:59:59.000000 UTC"
"C567656864","-7950.29","-7950.29","0.00","2026-01-01 23:59:59.000000 UTC"
"C1418622705","-6776.93","-6776.93","0.00","2026-01-01 23:59:59.000000 UTC"
"C1419332030","-1349670.68","-1349670.68","0.00","2026-01-01 23:59:59.000000 UTC"
"C2044337856","-3943.17","-3943.17","0.00","2026-01-01 23:59:59.000000 UTC"
"C108982313","-6606.47","-6606.47","0.00","2026-01-01 23:59:59.000000 UTC"
"C811562535","219220.21","219220.21","0.00","2026-01-01 23:59:59.000000 UTC"
"C1670993182","-215310.30","-215310.30","0.00","2026-01-01 23:59:59.000000 UTC"
"C154988899","-7107.77","-7107.77","0.00","2026-01-01 23:59:59.000000 UTC"
"C922807452","-1203.44","-1203.44","0.00","2026-01-01 23:59:59.000000 UTC"
"C1818449913","-1383.56","-1383.56","0.00","2026-01-01 23:59:59.000000 UTC"
"C1818747191","-48252.82","-48252.82","0.00","2026-01-01 23:59:59.000000 UTC"
"C1058822905","-60758.42","-60758.42","0.00","2026-01-01 23:59:59.000000 UTC"
"C1800500978","-111899.09","-111899.09","0.00","2026-01-01 23:59:59.000000 UTC"
"C1493042329","349640.51","349640.51","0.00","2026-01-01 23:59:59.000000 UTC"
"C1608633989","-8603.42","-8603.42","0.00","2026-01-01 23:59:59.000000 UTC"
"C1057307776","-5033.02","-5033.02","0.00","2026-01-01 23:59:59.000000 UTC"
"C1660837991","101669.17","101669.17","0.00","2026-01-01 23:59:59.000000 UTC"
"C224060798","-2266.02","-2266.02","0.00","2026-01-01 23:59:59.000000 UTC"
"C399373008","-6113.14","-6113.14","0.00","2026-01-01 23:59:59.000000 UTC"
"C371976476","-11881.78","-11881.78","0.00","2026-01-01 23:59:59.000000 UTC"
"C1644864746","-613.83","-613.83","0.00","2026-01-01 23:59:59.000000 UTC"
"C1758893871","-3626.96","-3626.96","0.00","2026-01-01 23:59:59.000000 UTC"
"C229919394","-17373.04","-17373.04","0.00","2026-01-01 23:59:59.000000 UTC"
"C609887969","-161796.96","-161796.96","0.00","2026-01-01 23:59:59.000000 UTC"
"C351656492","-11889.61","-11889.61","0.00","2026-01-01 23:59:59.000000 UTC"
"C893523498","-6660.33","-6660.33","0.00","2026-01-01 23:59:59.000000 UTC"
"C95369743","63189.26","63189.26","0.00","2026-01-01 23:59:59.000000 UTC"
"C544966217","5763.99","5763.99","0.00","2026-01-01 23:59:59.000000 UTC"
"C976358110","-9800.58","-9800.58","0.00","2026-01-01 23:59:59.000000 UTC"
"C669725336","-11136.72","-11136.72","0.00","2026-01-01 23:59:59.000000 UTC"
"C758572926","-106117.28","-106117.28","0.00","2026-01-01 23:59:59.000000 UTC"
"C263833514","154160.82","154160.82","0.00","2026-01-01 23:59:59.000000 UTC"
"C1977618945","24470.43","24470.43","0.00","2026-01-01 23:59:59.000000 UTC"
"C1985938863","-40684.97","-40684.97","0.00","2026-01-01 23:59:59.000000 UTC"
"C1475192960","110226.34","110226.34","0.00","2026-01-01 23:59:59.000000 UTC"
"C859690270","-61159.51","-61159.51","0.00","2026-01-01 23:59:59.000000 UTC"
"C379121284","75043.17","75043.17","0.00","2026-01-01 23:59:59.000000 UTC"
"C1815370847","-7260.20","-7260.20","0.00","2026-01-01 23:59:59.000000 UTC"
"C641664202","-223848.92","-223848.92","0.00","2026-01-01 23:59:59.000000 UTC"
"C1714378342","-5655.17","-5655.17","0.00","2026-01-01 23:59:59.000000 UTC"
"C1552870927","313373.56","313373.56","0.00","2026-01-01 23:59:59.000000 UTC"
"C146874094","-64489.64","-64489.64","0.00","2026-01-01 23:59:59.000000 UTC"
"C1671590089","-9478.39","-9478.39","0.00","2026-01-01 23:59:59.000000 UTC"
"C1028145537","-5831.03","-5831.03","0.00","2026-01-01 23:59:59.000000 UTC"
"C347091104","-4749.60","-4749.60","0.00","2026-01-01 23:59:59.000000 UTC"
"C1756207614","-2734.77","-2734.77","0.00","2026-01-01 23:59:59.000000 UTC"
"C1406206626","-1063.53","-1063.53","0.00","2026-01-01 23:59:59.000000 UTC"
"C412788346","-761507.39","-761507.39","0.00","2026-01-01 23:59:59.000000 UTC"
"C764826684","-9920.52","-9920.52","0.00","2026-01-01 23:59:59.000000 UTC"
"C751021317","-6926.67","-6926.67","0.00","2026-01-01 23:59:59.000000 UTC"
"C488600086","-13614.91","-13614.91","0.00","2026-01-01 23:59:59.000000 UTC"
"C1241938981","-399.66","-399.66","0.00","2026-01-01 23:59:59.000000 UTC"
"C2015999862","770537.37","770537.37","0.00","2026-01-01 23:59:59.000000 UTC"
"C1636588948","-100588.80","-100588.80","0.00","2026-01-01 23:59:59.000000 UTC"
"C1987977423","-2131.84","-2131.84","0.00","2026-01-01 23:59:59.000000 UTC"
"C1032568028","-77642.84","-77642.84","0.00","2026-01-01 23:59:59.000000 UTC"
"C503595296","-156819.60","-156819.60","0.00","2026-01-01 23:59:59.000000 UTC"
"C100445376","-59390.46","-59390.46","0.00","2026-01-01 23:59:59.000000 UTC"
"C24650043","-176149.90","-176149.90","0.00","2026-01-01 23:59:59.000000 UTC"
"C1230013344","-31188.22","-31188.22","0.00","2026-01-01 23:59:59.000000 UTC"
"C1251967187","-46261.02","-46261.02","0.00","2026-01-01 23:59:59.000000 UTC"
"C1245593227","-3464.41","-3464.41","0.00","2026-01-01 23:59:59.000000 UTC"
"C882471736","162665.98","162665.98","0.00","2026-01-01 23:59:59.000000 UTC"
"C548795052","-3111.86","-3111.86","0.00","2026-01-01 23:59:59.000000 UTC"
"C686349795","-3454.08","-3454.08","0.00","2026-01-01 23:59:59.000000 UTC"
"C89509666","-6911.99","-6911.99","0.00","2026-01-01 23:59:59.000000 UTC"
"C1420196421","-2806.00","-2806.00","0.00","2026-01-01 23:59:59.000000 UTC"
"C172215878","-80311.89","-80311.89","0.00","2026-01-01 23:59:59.000000 UTC"
"C1533330615","336298.77","336298.77","0.00","2026-01-01 23:59:59.000000 UTC"
"C1539947037","-179253.24","-179253.24","0.00","2026-01-01 23:59:59.000000 UTC"
"C422409467","-3101.33","-3101.33","0.00","2026-01-01 23:59:59.000000 UTC"
"C1193398802","-22276.00","-22276.00","0.00","2026-01-01 23:59:59.000000 UTC"
"C1660223291","106634.77","106634.77","0.00","2026-01-01 23:59:59.000000 UTC"
"C1057468716","-9686.85","-9686.85","0.00","2026-01-01 23:59:59.000000 UTC"
"C1244880808","336827.91","336827.91","0.00","2026-01-01 23:59:59.000000 UTC"
"C1795225096","-8550.90","-8550.90","0.00","2026-01-01 23:59:59.000000 UTC"
"C114414807","-65025.30","-65025.30","0.00","2026-01-01 23:59:59.000000 UTC"
"C1160652496","-7664.12","0.00","7664.12","2026-01-01 23:59:59.000000 UTC"
"C583559449","-4433.98","0.00","4433.98","2026-01-01 23:59:59.000000 UTC"
"C273777019","-23.31","0.00","23.31","2026-01-01 23:59:59.000000 UTC"
"C1454870101","-2364.01","0.00","2364.01","2026-01-01 23:59:59.000000 UTC"
"C197491520","-3776389.09","0.00","3776389.09","2026-01-01 23:59:59.000000 UTC"
"C1873121466","-9574.31","0.00","9574.31","2026-01-01 23:59:59.000000 UTC"
"C1676888944","-11982.62","0.00","11982.62","2026-01-01 23:59:59.000000 UTC"
"C2103569615","-221297.05","0.00","221297.05","2026-01-01 23:59:59.000000 UTC"
"C1263391254","-45864.43","0.00","45864.43","2026-01-01 23:59:59.000000 UTC"
"C380616082","-6623.21","0.00","6623.21","2026-01-01 23:59:59.000000 UTC"
"C1617156106","-6029.92","0.00","6029.92","2026-01-01 23:59:59.000000 UTC"
"C1589466857","-9980.32","0.00","9980.32","2026-01-01 23:59:59.000000 UTC"
"C1441243996","-12187.88","0.00","12187.88","2026-01-01 23:59:59.000000 UTC"
"C201392112","-131033.44","0.00","131033.44","2026-01-01 23:59:59.000000 UTC"
"C268379633","-208376.61","0.00","208376.61","2026-01-01 23:59:59.000000 UTC"
"C458998685","-1127058.69","0.00","1127058.69","2026-01-01 23:59:59.000000 UTC"
"C566891420","-539430.95","0.00","539430.95","2026-01-01 23:59:59.000000 UTC"
"C939254952","-1849.56","0.00","1849.56","2026-01-01 23:59:59.000000 UTC"
"C709439274","-1432.47","0.00","1432.47","2026-01-01 23:59:59.000000 UTC"
"C1523510420","-865.77","0.00","865.77","2026-01-01 23:59:59.000000 UTC"
"C280531669","-4244.40","0.00","4244.40","2026-01-01 23:59:59.000000 UTC"
"C1495445111","-10777.89","0.00","10777.89","2026-01-01 23:59:59.000000 UTC"
"C345290829","-668237.36","0.00","668237.36","2026-01-01 23:59:59.000000 UTC"
"C829737737","-7154.46","0.00","7154.46","2026-01-01 23:59:59.000000 UTC"
"C1151512955","-4163.82","0.00","4163.82","2026-01-01 23:59:59.000000 UTC"
"C2121317689","-5570.50","0.00","5570.50","2026-01-01 23:59:59.000000 UTC"
"C883678948","-789419.02","0.00","789419.02","2026-01-01 23:59:59.000000 UTC"
"C463381475","-14025.72","0.00","14025.72","2026-01-01 23:59:59.000000 UTC"
"C278262050","-8264.22","0.00","8264.22","2026-01-01 23:59:59.000000 UTC"
"C1395073533","-160700.51","0.00","160700.51","2026-01-01 23:59:59.000000 UTC"
"C614580607","-2392.53","0.00","2392.53","2026-01-01 23:59:59.000000 UTC"
"C667890001","-1668.11","0.00","1668.11","2026-01-01 23:59:59.000000 UTC"
"C949673757","-10627.18","0.00","10627.18","2026-01-01 23:59:59.000000 UTC"
"C1988746735","-12462.90","0.00","12462.90","2026-01-01 23:59:59.000000 UTC"
"C502891368","-3942.44","0.00","3942.44","2026-01-01 23:59:59.000000 UTC"
"C1934692470","-5324.43","0.00","5324.43","2026-01-01 23:59:59.000000 UTC"
"C439232821","-3014.54","0.00","3014.54","2026-01-01 23:59:59.000000 UTC"
"C600017090","-1639.33","0.00","1639.33","2026-01-01 23:59:59.000000 UTC"
"C1298380324","-107292.25","0.00","107292.25","2026-01-01 23:59:59.000000 UTC"
"C795273218","-265763.02","0.00","265763.02","2026-01-01 23:59:59.000000 UTC"
"C1409342262","-2364.34","0.00","2364.34","2026-01-01 23:59:59.000000 UTC"
"C1700421020","-112401.53","0.00","112401.53","2026-01-01 23:59:59.000000 UTC"
"C762509150","-3903.48","0.00","3903.48","2026-01-01 23:59:59.000000 UTC"
"C1029898472","-3393.22","0.00","3393.22","2026-01-01 23:59:59.000000 UTC"
"C1520491508","-301298.69","0.00","301298.69","2026-01-01 23:59:59.000000 UTC"
"C557197074","-127920.40","0.00","127920.40","2026-01-01 23:59:59.000000 UTC"
"C310276293","-281425.06","0.00","281425.06","2026-01-01 23:59:59.000000 UTC"
"C1038820134","-5633.30","0.00","5633.30","2026-01-01 23:59:59.000000 UTC"
"C2010070923","-443116.03","0.00","443116.03","2026-01-01 23:59:59.000000 UTC"
"C521342639","-63186.93","0.00","63186.93","2026-01-01 23:59:59.000000 UTC"
"C773348567","-1617.97","0.00","1617.97","2026-01-01 23:59:59.000000 UTC"
"C98412281","-4099.91","0.00","4099.91","2026-01-01 23:59:59.000000 UTC"
